source_uniprot	source_protein_name	target_uniprot	target_protein_name
q8ne71	HUMAN ATP-binding cassette sub-family F member 1 OS=Homo sapiens GN=ABCF1 PE=1 SV=2	q6uw60	HUMAN Proprotein convertase subtilisin/kexin type 4 OS=Homo sapiens GN=PCSK4 PE=2 SV=2
q9uig0	HUMAN Tyrosine-protein kinase BAZ1B OS=Homo sapiens GN=BAZ1B PE=1 SV=2	o60264	HUMAN SWI/SNF-related matrix-associated actin-dependent regulator of chromatin subfamily A member 5 OS=Homo sapiens GN=SMARCA5 PE=1 SV=1
q8td16	HUMAN Protein bicaudal D homolog 2 OS=Homo sapiens GN=BICD2 PE=1 SV=1	p55081	HUMAN Microfibrillar-associated protein 1 OS=Homo sapiens GN=MFAP1 PE=1 SV=2
q8td16	HUMAN Protein bicaudal D homolog 2 OS=Homo sapiens GN=BICD2 PE=1 SV=1	q8td19	HUMAN Serine/threonine-protein kinase Nek9 OS=Homo sapiens GN=NEK9 PE=1 SV=2
q9y6q1	HUMAN Calpain-6 OS=Homo sapiens GN=CAPN6 PE=1 SV=2	p19338	HUMAN Nucleolin OS=Homo sapiens GN=NCL PE=1 SV=3
q14839	HUMAN Chromodomain-helicase-DNA-binding protein 4 OS=Homo sapiens GN=CHD4 PE=1 SV=2	q09666	HUMAN Neuroblast differentiation-associated protein AHNAK OS=Homo sapiens GN=AHNAK PE=1 SV=2
q14839	HUMAN Chromodomain-helicase-DNA-binding protein 4 OS=Homo sapiens GN=CHD4 PE=1 SV=2	q3yec7	HUMAN Rab-like protein 6 OS=Homo sapiens GN=RABL6 PE=1 SV=2
q14839	HUMAN Chromodomain-helicase-DNA-binding protein 4 OS=Homo sapiens GN=CHD4 PE=1 SV=2	q9y6n6	HUMAN Laminin subunit gamma-3 OS=Homo sapiens GN=LAMC3 PE=1 SV=3
q14839	HUMAN Chromodomain-helicase-DNA-binding protein 4 OS=Homo sapiens GN=CHD4 PE=1 SV=2	q9npc7	HUMAN Myoneurin OS=Homo sapiens GN=MYNN PE=1 SV=1
q14839	HUMAN Chromodomain-helicase-DNA-binding protein 4 OS=Homo sapiens GN=CHD4 PE=1 SV=2	q9npc7	HUMAN Myoneurin OS=Homo sapiens GN=MYNN PE=1 SV=1
q86y22	HUMAN Collagen alpha-1(XXIII) chain OS=Homo sapiens GN=COL23A1 PE=1 SV=1	p62906	HUMAN 60S ribosomal protein L10a OS=Homo sapiens GN=RPL10A PE=1 SV=2
q86y22	HUMAN Collagen alpha-1(XXIII) chain OS=Homo sapiens GN=COL23A1 PE=1 SV=1	p02545	HUMAN Prelamin-A/C OS=Homo sapiens GN=LMNA PE=1 SV=1
q96kj9	HUMAN Cytochrome c oxidase subunit 4 isoform 2	q14789	HUMAN Golgin subfamily B member 1 OS=Homo sapiens GN=GOLGB1 PE=1 SV=2
o75521	HUMAN Enoyl-CoA delta isomerase 2	q96bi1	HUMAN Solute carrier family 22 member 18 OS=Homo sapiens GN=SLC22A18 PE=1 SV=3
p14625	HUMAN Endoplasmin OS=Homo sapiens GN=HSP90B1 PE=1 SV=1	o14974	HUMAN Protein phosphatase 1 regulatory subunit 12A OS=Homo sapiens GN=PPP1R12A PE=1 SV=1
p14625	HUMAN Endoplasmin OS=Homo sapiens GN=HSP90B1 PE=1 SV=1	o60447	HUMAN Ecotropic viral integration site 5 protein homolog OS=Homo sapiens GN=EVI5 PE=1 SV=3
p14625	HUMAN Endoplasmin OS=Homo sapiens GN=HSP90B1 PE=1 SV=1	o15072	HUMAN A disintegrin and metalloproteinase with thrombospondin motifs 3 OS=Homo sapiens GN=ADAMTS3 PE=2 SV=4
p14625	HUMAN Endoplasmin OS=Homo sapiens GN=HSP90B1 PE=1 SV=1	q14693	HUMAN Phosphatidate phosphatase LPIN1 OS=Homo sapiens GN=LPIN1 PE=1 SV=2
p14625	HUMAN Endoplasmin OS=Homo sapiens GN=HSP90B1 PE=1 SV=1	q86xr2	HUMAN Isoform 5 of Niban-like protein 2 OS=Homo sapiens GN=FAM129C
p14625	HUMAN Endoplasmin OS=Homo sapiens GN=HSP90B1 PE=1 SV=1	q9y2b0	HUMAN Protein canopy homolog 2 OS=Homo sapiens GN=CNPY2 PE=1 SV=1
p14625	HUMAN Endoplasmin OS=Homo sapiens GN=HSP90B1 PE=1 SV=1	q8tej3	HUMAN SH3 domain-containing RING finger protein 3 OS=Homo sapiens GN=SH3RF3 PE=1 SV=2
p14625	HUMAN Endoplasmin OS=Homo sapiens GN=HSP90B1 PE=1 SV=1	q5vys4	HUMAN Isoform 2 of Mesenteric estrogen-dependent adipogenesis protein OS=Homo sapiens GN=MEDAG
p14625	HUMAN Endoplasmin OS=Homo sapiens GN=HSP90B1 PE=1 SV=1	q9hd67	HUMAN Unconventional myosin-X OS=Homo sapiens GN=MYO10 PE=1 SV=3
p14625	HUMAN Endoplasmin OS=Homo sapiens GN=HSP90B1 PE=1 SV=1	q9ubt6	HUMAN DNA polymerase kappa OS=Homo sapiens GN=POLK PE=1 SV=1
o75844	HUMAN CAAX prenyl protease 1 homolog OS=Homo sapiens GN=ZMPSTE24 PE=1 SV=2	a4d263	HUMAN Uncharacterized protein C7orf72 OS=Homo sapiens GN=C7orf72 PE=4 SV=2
H1	HUMAN Histone H1.0 OS=Homo sapiens GN=H1F0 PE=1 SV=3	o94923	HUMAN D-glucuronyl C5-epimerase OS=Homo sapiens GN=GLCE PE=1 SV=3
H1	HUMAN Histone H1.0 OS=Homo sapiens GN=H1F0 PE=1 SV=3	o94923	HUMAN D-glucuronyl C5-epimerase OS=Homo sapiens GN=GLCE PE=1 SV=3
H1	HUMAN Histone H1.0 OS=Homo sapiens GN=H1F0 PE=1 SV=3	q7z4h7	HUMAN HAUS augmin-like complex subunit 6 OS=Homo sapiens GN=HAUS6 PE=1 SV=2
H1	HUMAN Histone H1.0 OS=Homo sapiens GN=H1F0 PE=1 SV=3	p48741	HUMAN Putative heat shock 70 kDa protein 7 OS=Homo sapiens GN=HSPA7 PE=5 SV=2
H1	HUMAN Histone H1.0 OS=Homo sapiens GN=H1F0 PE=1 SV=3	q14512	HUMAN Fibroblast growth factor-binding protein 1 OS=Homo sapiens GN=FGFBP1 PE=1 SV=1
H1	HUMAN Histone H1.0 OS=Homo sapiens GN=H1F0 PE=1 SV=3	o00160	HUMAN Unconventional myosin-If OS=Homo sapiens GN=MYO1F PE=1 SV=3
H1	HUMAN Histone H1.0 OS=Homo sapiens GN=H1F0 PE=1 SV=3	o00160	HUMAN Unconventional myosin-If OS=Homo sapiens GN=MYO1F PE=1 SV=3
H1	HUMAN Histone H1.0 OS=Homo sapiens GN=H1F0 PE=1 SV=3	o95084	HUMAN Serine protease 23 OS=Homo sapiens GN=PRSS23 PE=1 SV=1
H1	HUMAN Histone H1.1 OS=Homo sapiens GN=HIST1H1A PE=1 SV=3	q9nqz2	HUMAN Something about silencing protein 10 OS=Homo sapiens GN=UTP3 PE=1 SV=1
H1	HUMAN Histone H1.1 OS=Homo sapiens GN=HIST1H1A PE=1 SV=3	p33992	HUMAN DNA replication licensing factor MCM5 OS=Homo sapiens GN=MCM5 PE=1 SV=5
H1	HUMAN Histone H1.1 OS=Homo sapiens GN=HIST1H1A PE=1 SV=3	p05204	HUMAN Non-histone chromosomal protein HMG-17 OS=Homo sapiens GN=HMGN2 PE=1 SV=3
H1	HUMAN Histone H1.1 OS=Homo sapiens GN=HIST1H1A PE=1 SV=3	q9h6t0	HUMAN Epithelial splicing regulatory protein 2 OS=Homo sapiens GN=ESRP2 PE=1 SV=1
H1	HUMAN Histone H1.1 OS=Homo sapiens GN=HIST1H1A PE=1 SV=3	p16471	HUMAN Prolactin receptor OS=Homo sapiens GN=PRLR PE=1 SV=1
H1	HUMAN Histone H1.1 OS=Homo sapiens GN=HIST1H1A PE=1 SV=3	o75521	HUMAN Enoyl-CoA delta isomerase 2
H1	HUMAN Histone H1.1 OS=Homo sapiens GN=HIST1H1A PE=1 SV=3	q7z7g8	HUMAN Vacuolar protein sorting-associated protein 13B OS=Homo sapiens GN=VPS13B PE=1 SV=2
H1	HUMAN Histone H1.1 OS=Homo sapiens GN=HIST1H1A PE=1 SV=3	p23560	HUMAN Brain-derived neurotrophic factor OS=Homo sapiens GN=BDNF PE=1 SV=1
H1	HUMAN Histone H1.1 OS=Homo sapiens GN=HIST1H1A PE=1 SV=3	q14678	HUMAN KN motif and ankyrin repeat domain-containing protein 1 OS=Homo sapiens GN=KANK1 PE=1 SV=3
H1	HUMAN Histone H1.1 OS=Homo sapiens GN=HIST1H1A PE=1 SV=3	q8iy18	HUMAN Structural maintenance of chromosomes protein 5 OS=Homo sapiens GN=SMC5 PE=1 SV=2
H1	HUMAN Histone H1.1 OS=Homo sapiens GN=HIST1H1A PE=1 SV=3	q86xj1	HUMAN GAS2-like protein 3 OS=Homo sapiens GN=GAS2L3 PE=1 SV=1
H1	HUMAN Histone H1.1 OS=Homo sapiens GN=HIST1H1A PE=1 SV=3	q9nvq4	HUMAN Fas apoptotic inhibitory molecule 1 OS=Homo sapiens GN=FAIM PE=1 SV=1
H1	HUMAN Histone H1.1 OS=Homo sapiens GN=HIST1H1A PE=1 SV=3	q5vzl5	HUMAN Zinc finger MYM-type protein 4 OS=Homo sapiens GN=ZMYM4 PE=1 SV=1
H1	HUMAN Histone H1.1 OS=Homo sapiens GN=HIST1H1A PE=1 SV=3	q13426	HUMAN DNA repair protein XRCC4 OS=Homo sapiens GN=XRCC4 PE=1 SV=2
H1	HUMAN Histone H1.1 OS=Homo sapiens GN=HIST1H1A PE=1 SV=3	q9p1p4	HUMAN Putative trace amine-associated receptor 3 OS=Homo sapiens GN=TAAR3 PE=2 SV=1
H1	HUMAN Histone H1.1 OS=Homo sapiens GN=HIST1H1A PE=1 SV=3	o14958	HUMAN Calsequestrin-2 OS=Homo sapiens GN=CASQ2 PE=1 SV=2
H1	HUMAN Histone H1.1 OS=Homo sapiens GN=HIST1H1A PE=1 SV=3	o14958	HUMAN Calsequestrin-2 OS=Homo sapiens GN=CASQ2 PE=1 SV=2
H1	HUMAN Histone H1.1 OS=Homo sapiens GN=HIST1H1A PE=1 SV=3	p05204	HUMAN Non-histone chromosomal protein HMG-17 OS=Homo sapiens GN=HMGN2 PE=1 SV=3
H1	HUMAN Histone H1.1 OS=Homo sapiens GN=HIST1H1A PE=1 SV=3	q8iux8	HUMAN Epidermal growth factor-like protein 6 OS=Homo sapiens GN=EGFL6 PE=2 SV=1
H1	HUMAN Histone H1.1 OS=Homo sapiens GN=HIST1H1A PE=1 SV=3	p26196	HUMAN Probable ATP-dependent RNA helicase DDX6 OS=Homo sapiens GN=DDX6 PE=1 SV=2
H1	HUMAN Histone H1.1 OS=Homo sapiens GN=HIST1H1A PE=1 SV=3	q6in85	HUMAN Serine/threonine-protein phosphatase 4 regulatory subunit 3A OS=Homo sapiens GN=PPP4R3A PE=1 SV=1
H1	HUMAN Histone H1.1 OS=Homo sapiens GN=HIST1H1A PE=1 SV=3	p35499	HUMAN Sodium channel protein type 4 subunit alpha OS=Homo sapiens GN=SCN4A PE=1 SV=4
H1	HUMAN Histone H1.1 OS=Homo sapiens GN=HIST1H1A PE=1 SV=3	p35499	HUMAN Sodium channel protein type 4 subunit alpha OS=Homo sapiens GN=SCN4A PE=1 SV=4
H1	HUMAN Histone H1.1 OS=Homo sapiens GN=HIST1H1A PE=1 SV=3	p82914	HUMAN 28S ribosomal protein S15
H1	HUMAN Histone H1.1 OS=Homo sapiens GN=HIST1H1A PE=1 SV=3	q68dd2	HUMAN Cytosolic phospholipase A2 zeta OS=Homo sapiens GN=PLA2G4F PE=2 SV=3
H1	HUMAN Histone H1.1 OS=Homo sapiens GN=HIST1H1A PE=1 SV=3	o75912	HUMAN Diacylglycerol kinase iota OS=Homo sapiens GN=DGKI PE=1 SV=1
H1	HUMAN Histone H1.1 OS=Homo sapiens GN=HIST1H1A PE=1 SV=3	o75912	HUMAN Diacylglycerol kinase iota OS=Homo sapiens GN=DGKI PE=1 SV=1
H1	HUMAN Histone H1.1 OS=Homo sapiens GN=HIST1H1A PE=1 SV=3	o60673	HUMAN DNA polymerase zeta catalytic subunit OS=Homo sapiens GN=REV3L PE=1 SV=2
H1	HUMAN Histone H1.1 OS=Homo sapiens GN=HIST1H1A PE=1 SV=3	q14642	HUMAN Type I inositol 1
H1	HUMAN Histone H1.1 OS=Homo sapiens GN=HIST1H1A PE=1 SV=3	o15090	HUMAN Zinc finger protein 536 OS=Homo sapiens GN=ZNF536 PE=1 SV=3
H1	HUMAN Histone H1.1 OS=Homo sapiens GN=HIST1H1A PE=1 SV=3	q14839	HUMAN Chromodomain-helicase-DNA-binding protein 4 OS=Homo sapiens GN=CHD4 PE=1 SV=2
H1	HUMAN Histone H1.1 OS=Homo sapiens GN=HIST1H1A PE=1 SV=3	q8wyk1	HUMAN Contactin-associated protein-like 5 OS=Homo sapiens GN=CNTNAP5 PE=2 SV=1
H1	HUMAN Histone H1.1 OS=Homo sapiens GN=HIST1H1A PE=1 SV=3	q9y236	HUMAN Oxidative stress-induced growth inhibitor 2 OS=Homo sapiens GN=OSGIN2 PE=2 SV=1
H1	HUMAN Histone H1.1 OS=Homo sapiens GN=HIST1H1A PE=1 SV=3	q9nq66	HUMAN 1-phosphatidylinositol 4
H1	HUMAN Histone H1.1 OS=Homo sapiens GN=HIST1H1A PE=1 SV=3	p12036	HUMAN Neurofilament heavy polypeptide OS=Homo sapiens GN=NEFH PE=1 SV=4
H1	HUMAN Histone H1.1 OS=Homo sapiens GN=HIST1H1A PE=1 SV=3	q6ic83	HUMAN Uncharacterized protein C22orf42 OS=Homo sapiens GN=C22orf42 PE=2 SV=1
H1	HUMAN Histone H1.2 OS=Homo sapiens GN=HIST1H1C PE=1 SV=2	q8td16	HUMAN Protein bicaudal D homolog 2 OS=Homo sapiens GN=BICD2 PE=1 SV=1
H1	HUMAN Histone H1.2 OS=Homo sapiens GN=HIST1H1C PE=1 SV=2	q7z6b0	HUMAN Coiled-coil domain-containing protein 91 OS=Homo sapiens GN=CCDC91 PE=1 SV=2
H1	HUMAN Histone H1.2 OS=Homo sapiens GN=HIST1H1C PE=1 SV=2	o94810	HUMAN Regulator of G-protein signaling 11 OS=Homo sapiens GN=RGS11 PE=1 SV=2
H1	HUMAN Histone H1.2 OS=Homo sapiens GN=HIST1H1C PE=1 SV=2	q92576	HUMAN PHD finger protein 3 OS=Homo sapiens GN=PHF3 PE=1 SV=3
H1	HUMAN Histone H1.2 OS=Homo sapiens GN=HIST1H1C PE=1 SV=2	q8ndi1	HUMAN EH domain-binding protein 1 OS=Homo sapiens GN=EHBP1 PE=1 SV=3
H1	HUMAN Histone H1.2 OS=Homo sapiens GN=HIST1H1C PE=1 SV=2	q8td16	HUMAN Protein bicaudal D homolog 2 OS=Homo sapiens GN=BICD2 PE=1 SV=1
H1	HUMAN Histone H1.2 OS=Homo sapiens GN=HIST1H1C PE=1 SV=2	q9nqz2	HUMAN Something about silencing protein 10 OS=Homo sapiens GN=UTP3 PE=1 SV=1
H1	HUMAN Histone H1.2 OS=Homo sapiens GN=HIST1H1C PE=1 SV=2	q9nqz2	HUMAN Something about silencing protein 10 OS=Homo sapiens GN=UTP3 PE=1 SV=1
H1	HUMAN Histone H1.2 OS=Homo sapiens GN=HIST1H1C PE=1 SV=2	q9nqz2	HUMAN Something about silencing protein 10 OS=Homo sapiens GN=UTP3 PE=1 SV=1
H1	HUMAN Histone H1.2 OS=Homo sapiens GN=HIST1H1C PE=1 SV=2	q9h892	HUMAN Tetratricopeptide repeat protein 12 OS=Homo sapiens GN=TTC12 PE=1 SV=2
H1	HUMAN Histone H1.2 OS=Homo sapiens GN=HIST1H1C PE=1 SV=2	o15054	HUMAN Lysine-specific demethylase 6B OS=Homo sapiens GN=KDM6B PE=1 SV=4
H1	HUMAN Histone H1.2 OS=Homo sapiens GN=HIST1H1C PE=1 SV=2	p46087	HUMAN Probable 28S rRNA (cytosine(4447)-C(5))-methyltransferase OS=Homo sapiens GN=NOP2 PE=1 SV=2
H1	HUMAN Histone H1.2 OS=Homo sapiens GN=HIST1H1C PE=1 SV=2	q9ujt2	HUMAN Testis-specific serine kinase substrate OS=Homo sapiens GN=TSKS PE=1 SV=3
H1	HUMAN Histone H1.2 OS=Homo sapiens GN=HIST1H1C PE=1 SV=2	q9ujt2	HUMAN Testis-specific serine kinase substrate OS=Homo sapiens GN=TSKS PE=1 SV=3
H1	HUMAN Histone H1.2 OS=Homo sapiens GN=HIST1H1C PE=1 SV=2	q9ujt2	HUMAN Testis-specific serine kinase substrate OS=Homo sapiens GN=TSKS PE=1 SV=3
H1	HUMAN Histone H1.2 OS=Homo sapiens GN=HIST1H1C PE=1 SV=2	q9ujt2	HUMAN Testis-specific serine kinase substrate OS=Homo sapiens GN=TSKS PE=1 SV=3
H1	HUMAN Histone H1.2 OS=Homo sapiens GN=HIST1H1C PE=1 SV=2	p83731	HUMAN 60S ribosomal protein L24 OS=Homo sapiens GN=RPL24 PE=1 SV=1
H1	HUMAN Histone H1.2 OS=Homo sapiens GN=HIST1H1C PE=1 SV=2	o75521	HUMAN Enoyl-CoA delta isomerase 2
H1	HUMAN Histone H1.2 OS=Homo sapiens GN=HIST1H1C PE=1 SV=2	q9p1p4	HUMAN Putative trace amine-associated receptor 3 OS=Homo sapiens GN=TAAR3 PE=2 SV=1
H1	HUMAN Histone H1.2 OS=Homo sapiens GN=HIST1H1C PE=1 SV=2	q9p1p4	HUMAN Putative trace amine-associated receptor 3 OS=Homo sapiens GN=TAAR3 PE=2 SV=1
H1	HUMAN Histone H1.2 OS=Homo sapiens GN=HIST1H1C PE=1 SV=2	q9p1p4	HUMAN Putative trace amine-associated receptor 3 OS=Homo sapiens GN=TAAR3 PE=2 SV=1
H1	HUMAN Histone H1.2 OS=Homo sapiens GN=HIST1H1C PE=1 SV=2	o14958	HUMAN Calsequestrin-2 OS=Homo sapiens GN=CASQ2 PE=1 SV=2
H1	HUMAN Histone H1.2 OS=Homo sapiens GN=HIST1H1C PE=1 SV=2	o14958	HUMAN Calsequestrin-2 OS=Homo sapiens GN=CASQ2 PE=1 SV=2
H1	HUMAN Histone H1.2 OS=Homo sapiens GN=HIST1H1C PE=1 SV=2	o14958	HUMAN Calsequestrin-2 OS=Homo sapiens GN=CASQ2 PE=1 SV=2
H1	HUMAN Histone H1.2 OS=Homo sapiens GN=HIST1H1C PE=1 SV=2	o14958	HUMAN Calsequestrin-2 OS=Homo sapiens GN=CASQ2 PE=1 SV=2
H1	HUMAN Histone H1.2 OS=Homo sapiens GN=HIST1H1C PE=1 SV=2	o14958	HUMAN Calsequestrin-2 OS=Homo sapiens GN=CASQ2 PE=1 SV=2
H1	HUMAN Histone H1.2 OS=Homo sapiens GN=HIST1H1C PE=1 SV=2	q6zn66	HUMAN Guanylate-binding protein 6 OS=Homo sapiens GN=GBP6 PE=2 SV=1
H1	HUMAN Histone H1.2 OS=Homo sapiens GN=HIST1H1C PE=1 SV=2	q8n6m6	HUMAN Aminopeptidase O OS=Homo sapiens GN=AOPEP PE=1 SV=2
H1	HUMAN Histone H1.2 OS=Homo sapiens GN=HIST1H1C PE=1 SV=2	o43295	HUMAN SLIT-ROBO Rho GTPase-activating protein 3 OS=Homo sapiens GN=SRGAP3 PE=1 SV=3
H1	HUMAN Histone H1.2 OS=Homo sapiens GN=HIST1H1C PE=1 SV=2	q07092	HUMAN Collagen alpha-1(XVI) chain OS=Homo sapiens GN=COL16A1 PE=1 SV=2
H1	HUMAN Histone H1.2 OS=Homo sapiens GN=HIST1H1C PE=1 SV=2	q8wuu4	HUMAN Zinc finger protein 296 OS=Homo sapiens GN=ZNF296 PE=2 SV=1
H1	HUMAN Histone H1.2 OS=Homo sapiens GN=HIST1H1C PE=1 SV=2	q8wuu4	HUMAN Zinc finger protein 296 OS=Homo sapiens GN=ZNF296 PE=2 SV=1
H1	HUMAN Histone H1.2 OS=Homo sapiens GN=HIST1H1C PE=1 SV=2	o43586	HUMAN Proline-serine-threonine phosphatase-interacting protein 1 OS=Homo sapiens GN=PSTPIP1 PE=1 SV=1
H1	HUMAN Histone H1.2 OS=Homo sapiens GN=HIST1H1C PE=1 SV=2	q5ssj5	HUMAN Heterochromatin protein 1-binding protein 3 OS=Homo sapiens GN=HP1BP3 PE=1 SV=1
H1	HUMAN Histone H1.2 OS=Homo sapiens GN=HIST1H1C PE=1 SV=2	q5ssj5	HUMAN Heterochromatin protein 1-binding protein 3 OS=Homo sapiens GN=HP1BP3 PE=1 SV=1
H1	HUMAN Histone H1.2 OS=Homo sapiens GN=HIST1H1C PE=1 SV=2	p51114	HUMAN Fragile X mental retardation syndrome-related protein 1 OS=Homo sapiens GN=FXR1 PE=1 SV=3
H1	HUMAN Histone H1.2 OS=Homo sapiens GN=HIST1H1C PE=1 SV=2	q9ukx7	HUMAN Nuclear pore complex protein Nup50 OS=Homo sapiens GN=NUP50 PE=1 SV=2
H1	HUMAN Histone H1.2 OS=Homo sapiens GN=HIST1H1C PE=1 SV=2	q9y6q1	HUMAN Calpain-6 OS=Homo sapiens GN=CAPN6 PE=1 SV=2
H1	HUMAN Histone H1.2 OS=Homo sapiens GN=HIST1H1C PE=1 SV=2	q6in85	HUMAN Serine/threonine-protein phosphatase 4 regulatory subunit 3A OS=Homo sapiens GN=PPP4R3A PE=1 SV=1
H1	HUMAN Histone H1.2 OS=Homo sapiens GN=HIST1H1C PE=1 SV=2	q6in85	HUMAN Serine/threonine-protein phosphatase 4 regulatory subunit 3A OS=Homo sapiens GN=PPP4R3A PE=1 SV=1
H1	HUMAN Histone H1.2 OS=Homo sapiens GN=HIST1H1C PE=1 SV=2	q68de3	HUMAN Basic helix-loop-helix domain-containing protein USF3 OS=Homo sapiens GN=USF3 PE=1 SV=3
H1	HUMAN Histone H1.2 OS=Homo sapiens GN=HIST1H1C PE=1 SV=2	q9uhw9	HUMAN Solute carrier family 12 member 6 OS=Homo sapiens GN=SLC12A6 PE=1 SV=2
H1	HUMAN Histone H1.2 OS=Homo sapiens GN=HIST1H1C PE=1 SV=2	q9uhw9	HUMAN Solute carrier family 12 member 6 OS=Homo sapiens GN=SLC12A6 PE=1 SV=2
H1	HUMAN Histone H1.2 OS=Homo sapiens GN=HIST1H1C PE=1 SV=2	q9y4k4	HUMAN Mitogen-activated protein kinase kinase kinase kinase 5 OS=Homo sapiens GN=MAP4K5 PE=1 SV=1
H1	HUMAN Histone H1.2 OS=Homo sapiens GN=HIST1H1C PE=1 SV=2	q8n6h7	HUMAN ADP-ribosylation factor GTPase-activating protein 2 OS=Homo sapiens GN=ARFGAP2 PE=1 SV=1
H1	HUMAN Histone H1.2 OS=Homo sapiens GN=HIST1H1C PE=1 SV=2	p18858	HUMAN DNA ligase 1 OS=Homo sapiens GN=LIG1 PE=1 SV=1
H1	HUMAN Histone H1.2 OS=Homo sapiens GN=HIST1H1C PE=1 SV=2	q13459	HUMAN Unconventional myosin-IXb OS=Homo sapiens GN=MYO9B PE=1 SV=3
H1	HUMAN Histone H1.2 OS=Homo sapiens GN=HIST1H1C PE=1 SV=2	q13459	HUMAN Unconventional myosin-IXb OS=Homo sapiens GN=MYO9B PE=1 SV=3
H1	HUMAN Histone H1.2 OS=Homo sapiens GN=HIST1H1C PE=1 SV=2	q13459	HUMAN Unconventional myosin-IXb OS=Homo sapiens GN=MYO9B PE=1 SV=3
H1	HUMAN Histone H1.2 OS=Homo sapiens GN=HIST1H1C PE=1 SV=2	q13459	HUMAN Unconventional myosin-IXb OS=Homo sapiens GN=MYO9B PE=1 SV=3
H1	HUMAN Histone H1.2 OS=Homo sapiens GN=HIST1H1C PE=1 SV=2	q13459	HUMAN Unconventional myosin-IXb OS=Homo sapiens GN=MYO9B PE=1 SV=3
H1	HUMAN Histone H1.2 OS=Homo sapiens GN=HIST1H1C PE=1 SV=2	p14625	HUMAN Endoplasmin OS=Homo sapiens GN=HSP90B1 PE=1 SV=1
H1	HUMAN Histone H1.2 OS=Homo sapiens GN=HIST1H1C PE=1 SV=2	p14625	HUMAN Endoplasmin OS=Homo sapiens GN=HSP90B1 PE=1 SV=1
H1	HUMAN Histone H1.2 OS=Homo sapiens GN=HIST1H1C PE=1 SV=2	q9uig0	HUMAN Tyrosine-protein kinase BAZ1B OS=Homo sapiens GN=BAZ1B PE=1 SV=2
H1	HUMAN Histone H1.2 OS=Homo sapiens GN=HIST1H1C PE=1 SV=2	q8td16	HUMAN Protein bicaudal D homolog 2 OS=Homo sapiens GN=BICD2 PE=1 SV=1
H1	HUMAN Histone H1.2 OS=Homo sapiens GN=HIST1H1C PE=1 SV=2	q68dd2	HUMAN Cytosolic phospholipase A2 zeta OS=Homo sapiens GN=PLA2G4F PE=2 SV=3
H1	HUMAN Histone H1.2 OS=Homo sapiens GN=HIST1H1C PE=1 SV=2	o60673	HUMAN DNA polymerase zeta catalytic subunit OS=Homo sapiens GN=REV3L PE=1 SV=2
H1	HUMAN Histone H1.2 OS=Homo sapiens GN=HIST1H1C PE=1 SV=2	o60673	HUMAN DNA polymerase zeta catalytic subunit OS=Homo sapiens GN=REV3L PE=1 SV=2
H1	HUMAN Histone H1.2 OS=Homo sapiens GN=HIST1H1C PE=1 SV=2	q8wz42	HUMAN Titin OS=Homo sapiens GN=TTN PE=1 SV=4
H1	HUMAN Histone H1.2 OS=Homo sapiens GN=HIST1H1C PE=1 SV=2	q8td16	HUMAN Protein bicaudal D homolog 2 OS=Homo sapiens GN=BICD2 PE=1 SV=1
H1	HUMAN Histone H1.2 OS=Homo sapiens GN=HIST1H1C PE=1 SV=2	q8td16	HUMAN Protein bicaudal D homolog 2 OS=Homo sapiens GN=BICD2 PE=1 SV=1
H1	HUMAN Histone H1.2 OS=Homo sapiens GN=HIST1H1C PE=1 SV=2	q8td16	HUMAN Protein bicaudal D homolog 2 OS=Homo sapiens GN=BICD2 PE=1 SV=1
H1	HUMAN Histone H1.2 OS=Homo sapiens GN=HIST1H1C PE=1 SV=2	q8wyj6	HUMAN Septin-1 OS=Homo sapiens GN=SEPT1 PE=1 SV=2
H1	HUMAN Histone H1.2 OS=Homo sapiens GN=HIST1H1C PE=1 SV=2	q01484	HUMAN Ankyrin-2 OS=Homo sapiens GN=ANK2 PE=1 SV=4
H1	HUMAN Histone H1.2 OS=Homo sapiens GN=HIST1H1C PE=1 SV=2	o94933	HUMAN SLIT and NTRK-like protein 3 OS=Homo sapiens GN=SLITRK3 PE=2 SV=2
H1	HUMAN Histone H1.2 OS=Homo sapiens GN=HIST1H1C PE=1 SV=2	p29120	HUMAN Neuroendocrine convertase 1 OS=Homo sapiens GN=PCSK1 PE=1 SV=2
H1	HUMAN Histone H1.2 OS=Homo sapiens GN=HIST1H1C PE=1 SV=2	p29120	HUMAN Neuroendocrine convertase 1 OS=Homo sapiens GN=PCSK1 PE=1 SV=2
H1	HUMAN Histone H1.2 OS=Homo sapiens GN=HIST1H1C PE=1 SV=2	q8nen9	HUMAN PDZ domain-containing protein 8 OS=Homo sapiens GN=PDZD8 PE=1 SV=1
H1	HUMAN Histone H1.2 OS=Homo sapiens GN=HIST1H1C PE=1 SV=2	q8nen9	HUMAN PDZ domain-containing protein 8 OS=Homo sapiens GN=PDZD8 PE=1 SV=1
H1	HUMAN Histone H1.2 OS=Homo sapiens GN=HIST1H1C PE=1 SV=2	q8nen9	HUMAN PDZ domain-containing protein 8 OS=Homo sapiens GN=PDZD8 PE=1 SV=1
H1	HUMAN Histone H1.2 OS=Homo sapiens GN=HIST1H1C PE=1 SV=2	q8nen9	HUMAN PDZ domain-containing protein 8 OS=Homo sapiens GN=PDZD8 PE=1 SV=1
H1	HUMAN Histone H1.2 OS=Homo sapiens GN=HIST1H1C PE=1 SV=2	q6nxp0	HUMAN EF-hand calcium-binding domain-containing protein 12 OS=Homo sapiens GN=EFCAB12 PE=1 SV=1
H1	HUMAN Histone H1.2 OS=Homo sapiens GN=HIST1H1C PE=1 SV=2	p35269	HUMAN General transcription factor IIF subunit 1 OS=Homo sapiens GN=GTF2F1 PE=1 SV=2
H1	HUMAN Histone H1.3 OS=Homo sapiens GN=HIST1H1D PE=1 SV=2	p17096	HUMAN High mobility group protein HMG-I/HMG-Y OS=Homo sapiens GN=HMGA1 PE=1 SV=3
H1	HUMAN Histone H1.3 OS=Homo sapiens GN=HIST1H1D PE=1 SV=2	q13956	HUMAN Retinal cone rhodopsin-sensitive cGMP 3'
H1	HUMAN Histone H1.4 OS=Homo sapiens GN=HIST1H1E PE=1 SV=2	q9nqz2	HUMAN Something about silencing protein 10 OS=Homo sapiens GN=UTP3 PE=1 SV=1
H1	HUMAN Histone H1.4 OS=Homo sapiens GN=HIST1H1E PE=1 SV=2	q9byn7	HUMAN Isoform 2 of Zinc finger protein 341 OS=Homo sapiens GN=ZNF341
H1	HUMAN Histone H1.4 OS=Homo sapiens GN=HIST1H1E PE=1 SV=2	q8td16	HUMAN Protein bicaudal D homolog 2 OS=Homo sapiens GN=BICD2 PE=1 SV=1
H1	HUMAN Histone H1.4 OS=Homo sapiens GN=HIST1H1E PE=1 SV=2	q9ujt2	HUMAN Testis-specific serine kinase substrate OS=Homo sapiens GN=TSKS PE=1 SV=3
H1	HUMAN Histone H1.4 OS=Homo sapiens GN=HIST1H1E PE=1 SV=2	q9ujt2	HUMAN Testis-specific serine kinase substrate OS=Homo sapiens GN=TSKS PE=1 SV=3
H1	HUMAN Histone H1.4 OS=Homo sapiens GN=HIST1H1E PE=1 SV=2	q9y4b4	HUMAN Helicase ARIP4 OS=Homo sapiens GN=RAD54L2 PE=1 SV=4
H1	HUMAN Histone H1.4 OS=Homo sapiens GN=HIST1H1E PE=1 SV=2	q9p1p4	HUMAN Putative trace amine-associated receptor 3 OS=Homo sapiens GN=TAAR3 PE=2 SV=1
H1	HUMAN Histone H1.4 OS=Homo sapiens GN=HIST1H1E PE=1 SV=2	q9p1p4	HUMAN Putative trace amine-associated receptor 3 OS=Homo sapiens GN=TAAR3 PE=2 SV=1
H1	HUMAN Histone H1.4 OS=Homo sapiens GN=HIST1H1E PE=1 SV=2	q86y22	HUMAN Collagen alpha-1(XXIII) chain OS=Homo sapiens GN=COL23A1 PE=1 SV=1
H1	HUMAN Histone H1.4 OS=Homo sapiens GN=HIST1H1E PE=1 SV=2	q96qh2	HUMAN PML-RARA-regulated adapter molecule 1 OS=Homo sapiens GN=PRAM1 PE=1 SV=2
H1	HUMAN Histone H1.4 OS=Homo sapiens GN=HIST1H1E PE=1 SV=2	p50914	HUMAN 60S ribosomal protein L14 OS=Homo sapiens GN=RPL14 PE=1 SV=4
H1	HUMAN Histone H1.4 OS=Homo sapiens GN=HIST1H1E PE=1 SV=2	p50914	HUMAN 60S ribosomal protein L14 OS=Homo sapiens GN=RPL14 PE=1 SV=4
H1	HUMAN Histone H1.4 OS=Homo sapiens GN=HIST1H1E PE=1 SV=2	q5ssj5	HUMAN Heterochromatin protein 1-binding protein 3 OS=Homo sapiens GN=HP1BP3 PE=1 SV=1
H1	HUMAN Histone H1.4 OS=Homo sapiens GN=HIST1H1E PE=1 SV=2	q6zqq6	HUMAN WD repeat-containing protein 87 OS=Homo sapiens GN=WDR87 PE=1 SV=3
H1	HUMAN Histone H1.4 OS=Homo sapiens GN=HIST1H1E PE=1 SV=2	q8iyw2	HUMAN Cilia- and flagella-associated protein 46 OS=Homo sapiens GN=CFAP46 PE=2 SV=3
H1	HUMAN Histone H1.4 OS=Homo sapiens GN=HIST1H1E PE=1 SV=2	q96mn5	HUMAN Transcription elongation factor A N-terminal and central domain-containing protein 2 OS=Homo sapiens GN=TCEANC2 PE=1 SV=1
H1	HUMAN Histone H1.4 OS=Homo sapiens GN=HIST1H1E PE=1 SV=2	q8n6h7	HUMAN ADP-ribosylation factor GTPase-activating protein 2 OS=Homo sapiens GN=ARFGAP2 PE=1 SV=1
H1	HUMAN Histone H1.4 OS=Homo sapiens GN=HIST1H1E PE=1 SV=2	q9uig0	HUMAN Tyrosine-protein kinase BAZ1B OS=Homo sapiens GN=BAZ1B PE=1 SV=2
H1	HUMAN Histone H1.4 OS=Homo sapiens GN=HIST1H1E PE=1 SV=2	p05204	HUMAN Non-histone chromosomal protein HMG-17 OS=Homo sapiens GN=HMGN2 PE=1 SV=3
H1	HUMAN Histone H1.4 OS=Homo sapiens GN=HIST1H1E PE=1 SV=2	q14642	HUMAN Type I inositol 1
H1	HUMAN Histone H1.4 OS=Homo sapiens GN=HIST1H1E PE=1 SV=2	q3yec7	HUMAN Rab-like protein 6 OS=Homo sapiens GN=RABL6 PE=1 SV=2
H1	HUMAN Histone H1.4 OS=Homo sapiens GN=HIST1H1E PE=1 SV=2	q6piw4	HUMAN Fidgetin-like protein 1 OS=Homo sapiens GN=FIGNL1 PE=1 SV=2
H1	HUMAN Histone H1.4 OS=Homo sapiens GN=HIST1H1E PE=1 SV=2	q8td16	HUMAN Protein bicaudal D homolog 2 OS=Homo sapiens GN=BICD2 PE=1 SV=1
H1	HUMAN Histone H1.4 OS=Homo sapiens GN=HIST1H1E PE=1 SV=2	q8td16	HUMAN Protein bicaudal D homolog 2 OS=Homo sapiens GN=BICD2 PE=1 SV=1
H1	HUMAN Histone H1.4 OS=Homo sapiens GN=HIST1H1E PE=1 SV=2	q8nen9	HUMAN PDZ domain-containing protein 8 OS=Homo sapiens GN=PDZD8 PE=1 SV=1
H1	HUMAN Histone H1.4 OS=Homo sapiens GN=HIST1H1E PE=1 SV=2	p05204	HUMAN Non-histone chromosomal protein HMG-17 OS=Homo sapiens GN=HMGN2 PE=1 SV=3
H1	HUMAN Histone H1.5 OS=Homo sapiens GN=HIST1H1B PE=1 SV=3	p68104	HUMAN Elongation factor 1-alpha 1 OS=Homo sapiens GN=EEF1A1 PE=1 SV=1
H1	HUMAN Histone H1.5 OS=Homo sapiens GN=HIST1H1B PE=1 SV=3	o75844	HUMAN CAAX prenyl protease 1 homolog OS=Homo sapiens GN=ZMPSTE24 PE=1 SV=2
H1	HUMAN Histone H1.5 OS=Homo sapiens GN=HIST1H1B PE=1 SV=3	q92576	HUMAN PHD finger protein 3 OS=Homo sapiens GN=PHF3 PE=1 SV=3
H1	HUMAN Histone H1.5 OS=Homo sapiens GN=HIST1H1B PE=1 SV=3	q8ndi1	HUMAN EH domain-binding protein 1 OS=Homo sapiens GN=EHBP1 PE=1 SV=3
H1	HUMAN Histone H1.5 OS=Homo sapiens GN=HIST1H1B PE=1 SV=3	p02545	HUMAN Prelamin-A/C OS=Homo sapiens GN=LMNA PE=1 SV=1
H1	HUMAN Histone H1.5 OS=Homo sapiens GN=HIST1H1B PE=1 SV=3	q9nqz2	HUMAN Something about silencing protein 10 OS=Homo sapiens GN=UTP3 PE=1 SV=1
H1	HUMAN Histone H1.5 OS=Homo sapiens GN=HIST1H1B PE=1 SV=3	q9nqz2	HUMAN Something about silencing protein 10 OS=Homo sapiens GN=UTP3 PE=1 SV=1
H1	HUMAN Histone H1.5 OS=Homo sapiens GN=HIST1H1B PE=1 SV=3	q9y4l1	HUMAN Isoform 2 of Hypoxia up-regulated protein 1 OS=Homo sapiens GN=HYOU1
H1	HUMAN Histone H1.5 OS=Homo sapiens GN=HIST1H1B PE=1 SV=3	q5jy77	HUMAN G-protein coupled receptor-associated sorting protein 1 OS=Homo sapiens GN=GPRASP1 PE=1 SV=3
H1	HUMAN Histone H1.5 OS=Homo sapiens GN=HIST1H1B PE=1 SV=3	a6njl1	HUMAN Zinc finger and SCAN domain-containing protein 5B OS=Homo sapiens GN=ZSCAN5B PE=3 SV=1
H1	HUMAN Histone H1.5 OS=Homo sapiens GN=HIST1H1B PE=1 SV=3	p46087	HUMAN Probable 28S rRNA (cytosine(4447)-C(5))-methyltransferase OS=Homo sapiens GN=NOP2 PE=1 SV=2
H1	HUMAN Histone H1.5 OS=Homo sapiens GN=HIST1H1B PE=1 SV=3	p46087	HUMAN Probable 28S rRNA (cytosine(4447)-C(5))-methyltransferase OS=Homo sapiens GN=NOP2 PE=1 SV=2
H1	HUMAN Histone H1.5 OS=Homo sapiens GN=HIST1H1B PE=1 SV=3	q9ujt2	HUMAN Testis-specific serine kinase substrate OS=Homo sapiens GN=TSKS PE=1 SV=3
H1	HUMAN Histone H1.5 OS=Homo sapiens GN=HIST1H1B PE=1 SV=3	q8iy18	HUMAN Structural maintenance of chromosomes protein 5 OS=Homo sapiens GN=SMC5 PE=1 SV=2
H1	HUMAN Histone H1.5 OS=Homo sapiens GN=HIST1H1B PE=1 SV=3	q9y4b4	HUMAN Helicase ARIP4 OS=Homo sapiens GN=RAD54L2 PE=1 SV=4
H1	HUMAN Histone H1.5 OS=Homo sapiens GN=HIST1H1B PE=1 SV=3	q8n4n8	HUMAN Kinesin-like protein KIF2B OS=Homo sapiens GN=KIF2B PE=1 SV=3
H1	HUMAN Histone H1.5 OS=Homo sapiens GN=HIST1H1B PE=1 SV=3	q9hck1	HUMAN DBF4-type zinc finger-containing protein 2 OS=Homo sapiens GN=ZDBF2 PE=1 SV=3
H1	HUMAN Histone H1.5 OS=Homo sapiens GN=HIST1H1B PE=1 SV=3	q9p1p4	HUMAN Putative trace amine-associated receptor 3 OS=Homo sapiens GN=TAAR3 PE=2 SV=1
H1	HUMAN Histone H1.5 OS=Homo sapiens GN=HIST1H1B PE=1 SV=3	q9p1p4	HUMAN Putative trace amine-associated receptor 3 OS=Homo sapiens GN=TAAR3 PE=2 SV=1
H1	HUMAN Histone H1.5 OS=Homo sapiens GN=HIST1H1B PE=1 SV=3	q9p1p4	HUMAN Putative trace amine-associated receptor 3 OS=Homo sapiens GN=TAAR3 PE=2 SV=1
H1	HUMAN Histone H1.5 OS=Homo sapiens GN=HIST1H1B PE=1 SV=3	q9ujt2	HUMAN Testis-specific serine kinase substrate OS=Homo sapiens GN=TSKS PE=1 SV=3
H1	HUMAN Histone H1.5 OS=Homo sapiens GN=HIST1H1B PE=1 SV=3	p49641	HUMAN Alpha-mannosidase 2x OS=Homo sapiens GN=MAN2A2 PE=2 SV=3
H1	HUMAN Histone H1.5 OS=Homo sapiens GN=HIST1H1B PE=1 SV=3	o14958	HUMAN Calsequestrin-2 OS=Homo sapiens GN=CASQ2 PE=1 SV=2
H1	HUMAN Histone H1.5 OS=Homo sapiens GN=HIST1H1B PE=1 SV=3	o14958	HUMAN Calsequestrin-2 OS=Homo sapiens GN=CASQ2 PE=1 SV=2
H1	HUMAN Histone H1.5 OS=Homo sapiens GN=HIST1H1B PE=1 SV=3	q6zn66	HUMAN Guanylate-binding protein 6 OS=Homo sapiens GN=GBP6 PE=2 SV=1
H1	HUMAN Histone H1.5 OS=Homo sapiens GN=HIST1H1B PE=1 SV=3	p35626	HUMAN Beta-adrenergic receptor kinase 2 OS=Homo sapiens GN=ADRBK2 PE=1 SV=2
H1	HUMAN Histone H1.5 OS=Homo sapiens GN=HIST1H1B PE=1 SV=3	q9hck1	HUMAN DBF4-type zinc finger-containing protein 2 OS=Homo sapiens GN=ZDBF2 PE=1 SV=3
H1	HUMAN Histone H1.5 OS=Homo sapiens GN=HIST1H1B PE=1 SV=3	p05204	HUMAN Non-histone chromosomal protein HMG-17 OS=Homo sapiens GN=HMGN2 PE=1 SV=3
H1	HUMAN Histone H1.5 OS=Homo sapiens GN=HIST1H1B PE=1 SV=3	p17096	HUMAN High mobility group protein HMG-I/HMG-Y OS=Homo sapiens GN=HMGA1 PE=1 SV=3
H1	HUMAN Histone H1.5 OS=Homo sapiens GN=HIST1H1B PE=1 SV=3	q7l2e3	HUMAN Putative ATP-dependent RNA helicase DHX30 OS=Homo sapiens GN=DHX30 PE=1 SV=1
H1	HUMAN Histone H1.5 OS=Homo sapiens GN=HIST1H1B PE=1 SV=3	q5ssj5	HUMAN Heterochromatin protein 1-binding protein 3 OS=Homo sapiens GN=HP1BP3 PE=1 SV=1
H1	HUMAN Histone H1.5 OS=Homo sapiens GN=HIST1H1B PE=1 SV=3	q6in85	HUMAN Serine/threonine-protein phosphatase 4 regulatory subunit 3A OS=Homo sapiens GN=PPP4R3A PE=1 SV=1
H1	HUMAN Histone H1.5 OS=Homo sapiens GN=HIST1H1B PE=1 SV=3	q99626	HUMAN Homeobox protein CDX-2 OS=Homo sapiens GN=CDX2 PE=2 SV=3
H1	HUMAN Histone H1.5 OS=Homo sapiens GN=HIST1H1B PE=1 SV=3	q99626	HUMAN Homeobox protein CDX-2 OS=Homo sapiens GN=CDX2 PE=2 SV=3
H1	HUMAN Histone H1.5 OS=Homo sapiens GN=HIST1H1B PE=1 SV=3	p35499	HUMAN Sodium channel protein type 4 subunit alpha OS=Homo sapiens GN=SCN4A PE=1 SV=4
H1	HUMAN Histone H1.5 OS=Homo sapiens GN=HIST1H1B PE=1 SV=3	q13459	HUMAN Unconventional myosin-IXb OS=Homo sapiens GN=MYO9B PE=1 SV=3
H1	HUMAN Histone H1.5 OS=Homo sapiens GN=HIST1H1B PE=1 SV=3	q13459	HUMAN Unconventional myosin-IXb OS=Homo sapiens GN=MYO9B PE=1 SV=3
H1	HUMAN Histone H1.5 OS=Homo sapiens GN=HIST1H1B PE=1 SV=3	q13459	HUMAN Unconventional myosin-IXb OS=Homo sapiens GN=MYO9B PE=1 SV=3
H1	HUMAN Histone H1.5 OS=Homo sapiens GN=HIST1H1B PE=1 SV=3	q13459	HUMAN Unconventional myosin-IXb OS=Homo sapiens GN=MYO9B PE=1 SV=3
H1	HUMAN Histone H1.5 OS=Homo sapiens GN=HIST1H1B PE=1 SV=3	p14625	HUMAN Endoplasmin OS=Homo sapiens GN=HSP90B1 PE=1 SV=1
H1	HUMAN Histone H1.5 OS=Homo sapiens GN=HIST1H1B PE=1 SV=3	q68dd2	HUMAN Cytosolic phospholipase A2 zeta OS=Homo sapiens GN=PLA2G4F PE=2 SV=3
H1	HUMAN Histone H1.5 OS=Homo sapiens GN=HIST1H1B PE=1 SV=3	q9bqi3	HUMAN Eukaryotic translation initiation factor 2-alpha kinase 1 OS=Homo sapiens GN=EIF2AK1 PE=1 SV=2
H1	HUMAN Histone H1.5 OS=Homo sapiens GN=HIST1H1B PE=1 SV=3	q96ez8	HUMAN Microspherule protein 1 OS=Homo sapiens GN=MCRS1 PE=1 SV=1
H1	HUMAN Histone H1.5 OS=Homo sapiens GN=HIST1H1B PE=1 SV=3	o60673	HUMAN DNA polymerase zeta catalytic subunit OS=Homo sapiens GN=REV3L PE=1 SV=2
H1	HUMAN Histone H1.5 OS=Homo sapiens GN=HIST1H1B PE=1 SV=3	q8iyx3	HUMAN Coiled-coil domain-containing protein 116 OS=Homo sapiens GN=CCDC116 PE=1 SV=2
H1	HUMAN Histone H1.5 OS=Homo sapiens GN=HIST1H1B PE=1 SV=3	q8td16	HUMAN Protein bicaudal D homolog 2 OS=Homo sapiens GN=BICD2 PE=1 SV=1
H1	HUMAN Histone H1.5 OS=Homo sapiens GN=HIST1H1B PE=1 SV=3	q8td16	HUMAN Protein bicaudal D homolog 2 OS=Homo sapiens GN=BICD2 PE=1 SV=1
H1	HUMAN Histone H1.5 OS=Homo sapiens GN=HIST1H1B PE=1 SV=3	q8td16	HUMAN Protein bicaudal D homolog 2 OS=Homo sapiens GN=BICD2 PE=1 SV=1
H1	HUMAN Histone H1.5 OS=Homo sapiens GN=HIST1H1B PE=1 SV=3	q8td16	HUMAN Protein bicaudal D homolog 2 OS=Homo sapiens GN=BICD2 PE=1 SV=1
H1	HUMAN Histone H1.5 OS=Homo sapiens GN=HIST1H1B PE=1 SV=3	q8td16	HUMAN Protein bicaudal D homolog 2 OS=Homo sapiens GN=BICD2 PE=1 SV=1
H1	HUMAN Histone H1.5 OS=Homo sapiens GN=HIST1H1B PE=1 SV=3	o95425	HUMAN Supervillin OS=Homo sapiens GN=SVIL PE=1 SV=2
H1	HUMAN Histone H1.5 OS=Homo sapiens GN=HIST1H1B PE=1 SV=3	o15090	HUMAN Zinc finger protein 536 OS=Homo sapiens GN=ZNF536 PE=1 SV=3
H1	HUMAN Histone H1.5 OS=Homo sapiens GN=HIST1H1B PE=1 SV=3	p17096	HUMAN High mobility group protein HMG-I/HMG-Y OS=Homo sapiens GN=HMGA1 PE=1 SV=3
H1	HUMAN Histone H1.5 OS=Homo sapiens GN=HIST1H1B PE=1 SV=3	p55197	HUMAN Protein AF-10 OS=Homo sapiens GN=MLLT10 PE=1 SV=2
H1	HUMAN Histone H1.5 OS=Homo sapiens GN=HIST1H1B PE=1 SV=3	p55197	HUMAN Protein AF-10 OS=Homo sapiens GN=MLLT10 PE=1 SV=2
H1	HUMAN Histone H1.5 OS=Homo sapiens GN=HIST1H1B PE=1 SV=3	q9byn7	HUMAN Zinc finger protein 341 OS=Homo sapiens GN=ZNF341 PE=1 SV=2
H1	HUMAN Histone H1.5 OS=Homo sapiens GN=HIST1H1B PE=1 SV=3	q8wyj6	HUMAN Septin-1 OS=Homo sapiens GN=SEPT1 PE=1 SV=2
H1	HUMAN Histone H1.5 OS=Homo sapiens GN=HIST1H1B PE=1 SV=3	q8wyj6	HUMAN Septin-1 OS=Homo sapiens GN=SEPT1 PE=1 SV=2
H1	HUMAN Histone H1.5 OS=Homo sapiens GN=HIST1H1B PE=1 SV=3	q9uhb7	HUMAN AF4/FMR2 family member 4 OS=Homo sapiens GN=AFF4 PE=1 SV=1
H1	HUMAN Histone H1.5 OS=Homo sapiens GN=HIST1H1B PE=1 SV=3	q8nen9	HUMAN PDZ domain-containing protein 8 OS=Homo sapiens GN=PDZD8 PE=1 SV=1
H1	HUMAN Histone H1.5 OS=Homo sapiens GN=HIST1H1B PE=1 SV=3	q8nen9	HUMAN PDZ domain-containing protein 8 OS=Homo sapiens GN=PDZD8 PE=1 SV=1
H1	HUMAN Histone H1.5 OS=Homo sapiens GN=HIST1H1B PE=1 SV=3	q8nen9	HUMAN PDZ domain-containing protein 8 OS=Homo sapiens GN=PDZD8 PE=1 SV=1
H1	HUMAN Histone H1.5 OS=Homo sapiens GN=HIST1H1B PE=1 SV=3	p62826	HUMAN GTP-binding nuclear protein Ran OS=Homo sapiens GN=RAN PE=1 SV=3
H1	HUMAN Histone H1.5 OS=Homo sapiens GN=HIST1H1B PE=1 SV=3	q96ez8	HUMAN Microspherule protein 1 OS=Homo sapiens GN=MCRS1 PE=1 SV=1
H1	HUMAN Histone H1.5 OS=Homo sapiens GN=HIST1H1B PE=1 SV=3	q6zqq6	HUMAN Isoform 2 of WD repeat-containing protein 87 OS=Homo sapiens GN=WDR87
H1	HUMAN Histone H1oo OS=Homo sapiens GN=H1FOO PE=2 SV=1	p35268	HUMAN 60S ribosomal protein L22 OS=Homo sapiens GN=RPL22 PE=1 SV=2
H2A	HUMAN Histone H2A type 1-B/E OS=Homo sapiens GN=HIST1H2AB PE=1 SV=2	p05204	HUMAN Non-histone chromosomal protein HMG-17 OS=Homo sapiens GN=HMGN2 PE=1 SV=3
H2A	HUMAN Histone H2A type 1-B/E OS=Homo sapiens GN=HIST1H2AB PE=1 SV=2	p05204	HUMAN Non-histone chromosomal protein HMG-17 OS=Homo sapiens GN=HMGN2 PE=1 SV=3
H2A	HUMAN Histone H2A type 1-B/E OS=Homo sapiens GN=HIST1H2AB PE=1 SV=2	p02545	HUMAN Prelamin-A/C OS=Homo sapiens GN=LMNA PE=1 SV=1
H2A	HUMAN Histone H2A type 1-B/E OS=Homo sapiens GN=HIST1H2AB PE=1 SV=2	p18754	HUMAN Regulator of chromosome condensation OS=Homo sapiens GN=RCC1 PE=1 SV=1
H2A	HUMAN Histone H2A type 1-B/E OS=Homo sapiens GN=HIST1H2AB PE=1 SV=2	p62987	HUMAN Ubiquitin-60S ribosomal protein L40 OS=Homo sapiens GN=UBA52 PE=1 SV=2
H2A	HUMAN Histone H2A type 1-B/E OS=Homo sapiens GN=HIST1H2AB PE=1 SV=2	p17096	HUMAN High mobility group protein HMG-I/HMG-Y OS=Homo sapiens GN=HMGA1 PE=1 SV=3
H2A	HUMAN Histone H2A type 1-B/E OS=Homo sapiens GN=HIST1H2AB PE=1 SV=2	p17096	HUMAN High mobility group protein HMG-I/HMG-Y OS=Homo sapiens GN=HMGA1 PE=1 SV=3
H2A	HUMAN Histone H2A type 1-B/E OS=Homo sapiens GN=HIST1H2AB PE=1 SV=2	p05204	HUMAN Non-histone chromosomal protein HMG-17 OS=Homo sapiens GN=HMGN2 PE=1 SV=3
H2A	HUMAN Histone H2A type 1-B/E OS=Homo sapiens GN=HIST1H2AB PE=1 SV=2	p02545	HUMAN Prelamin-A/C OS=Homo sapiens GN=LMNA PE=1 SV=1
H2A	HUMAN Histone H2A type 1-B/E OS=Homo sapiens GN=HIST1H2AB PE=1 SV=2	p17096	HUMAN High mobility group protein HMG-I/HMG-Y OS=Homo sapiens GN=HMGA1 PE=1 SV=3
H2A	HUMAN Histone H2A type 1-B/E OS=Homo sapiens GN=HIST1H2AB PE=1 SV=2	p02545	HUMAN Prelamin-A/C OS=Homo sapiens GN=LMNA PE=1 SV=1
H2A	HUMAN Histone H2A type 1-B/E OS=Homo sapiens GN=HIST1H2AB PE=1 SV=2	p17096	HUMAN High mobility group protein HMG-I/HMG-Y OS=Homo sapiens GN=HMGA1 PE=1 SV=3
H2A	HUMAN Histone H2A type 1-B/E OS=Homo sapiens GN=HIST1H2AB PE=1 SV=2	p17096	HUMAN High mobility group protein HMG-I/HMG-Y OS=Homo sapiens GN=HMGA1 PE=1 SV=3
H2A	HUMAN Histone H2A type 1-B/E OS=Homo sapiens GN=HIST1H2AB PE=1 SV=2	p05204	HUMAN Non-histone chromosomal protein HMG-17 OS=Homo sapiens GN=HMGN2 PE=1 SV=3
H2A	HUMAN Histone H2A type 1-B/E OS=Homo sapiens GN=HIST1H2AB PE=1 SV=2	p05204	HUMAN Non-histone chromosomal protein HMG-17 OS=Homo sapiens GN=HMGN2 PE=1 SV=3
H2A	HUMAN Histone H2A type 1-B/E OS=Homo sapiens GN=HIST1H2AB PE=1 SV=2	p05114	HUMAN Non-histone chromosomal protein HMG-14 OS=Homo sapiens GN=HMGN1 PE=1 SV=3
H2A	HUMAN Histone H2A type 1-B/E OS=Homo sapiens GN=HIST1H2AB PE=1 SV=2	q5ssj5	HUMAN Heterochromatin protein 1-binding protein 3 OS=Homo sapiens GN=HP1BP3 PE=1 SV=1
H2A	HUMAN Histone H2A type 1-B/E OS=Homo sapiens GN=HIST1H2AB PE=1 SV=2	p17096	HUMAN High mobility group protein HMG-I/HMG-Y OS=Homo sapiens GN=HMGA1 PE=1 SV=3
H2A	HUMAN Histone H2A type 1-B/E OS=Homo sapiens GN=HIST1H2AB PE=1 SV=2	p17096	HUMAN High mobility group protein HMG-I/HMG-Y OS=Homo sapiens GN=HMGA1 PE=1 SV=3
H2A	HUMAN Histone H2A type 1-H OS=Homo sapiens GN=HIST1H2AH PE=1 SV=3	p05204	HUMAN Non-histone chromosomal protein HMG-17 OS=Homo sapiens GN=HMGN2 PE=1 SV=3
H2A	HUMAN Histone H2A type 1-H OS=Homo sapiens GN=HIST1H2AH PE=1 SV=3	p68104	HUMAN Elongation factor 1-alpha 1 OS=Homo sapiens GN=EEF1A1 PE=1 SV=1
H2A	HUMAN Histone H2A type 1-H OS=Homo sapiens GN=HIST1H2AH PE=1 SV=3	p05204	HUMAN Non-histone chromosomal protein HMG-17 OS=Homo sapiens GN=HMGN2 PE=1 SV=3
H2A	HUMAN Histone H2A type 1-H OS=Homo sapiens GN=HIST1H2AH PE=1 SV=3	p05204	HUMAN Non-histone chromosomal protein HMG-17 OS=Homo sapiens GN=HMGN2 PE=1 SV=3
H2A	HUMAN Histone H2A type 1-H OS=Homo sapiens GN=HIST1H2AH PE=1 SV=3	p05204	HUMAN Non-histone chromosomal protein HMG-17 OS=Homo sapiens GN=HMGN2 PE=1 SV=3
H2A	HUMAN Histone H2A type 1-H OS=Homo sapiens GN=HIST1H2AH PE=1 SV=3	p05204	HUMAN Non-histone chromosomal protein HMG-17 OS=Homo sapiens GN=HMGN2 PE=1 SV=3
H2A	HUMAN Histone H2A type 1-J OS=Homo sapiens GN=HIST1H2AJ PE=1 SV=3	q9br39	HUMAN Junctophilin-2 OS=Homo sapiens GN=JPH2 PE=1 SV=2
H2A	HUMAN Histone H2A type 2-B OS=Homo sapiens GN=HIST2H2AB PE=1 SV=3	o95425	HUMAN Supervillin OS=Homo sapiens GN=SVIL PE=1 SV=2
H2A	HUMAN Histone H2A type 2-B OS=Homo sapiens GN=HIST2H2AB PE=1 SV=3	p17096	HUMAN High mobility group protein HMG-I/HMG-Y OS=Homo sapiens GN=HMGA1 PE=1 SV=3
H2A	HUMAN Histone H2A.Z OS=Homo sapiens GN=H2AFZ PE=1 SV=2	p62861	HUMAN 40S ribosomal protein S30 OS=Homo sapiens GN=FAU PE=1 SV=1
H2A	HUMAN Histone H2A.Z OS=Homo sapiens GN=H2AFZ PE=1 SV=2	q8ne71	HUMAN ATP-binding cassette sub-family F member 1 OS=Homo sapiens GN=ABCF1 PE=1 SV=2
H2A	HUMAN Histone H2A.Z OS=Homo sapiens GN=H2AFZ PE=1 SV=2	q9uhb7	HUMAN AF4/FMR2 family member 4 OS=Homo sapiens GN=AFF4 PE=1 SV=1
H2B	HUMAN Histone H2B type 1-D OS=Homo sapiens GN=HIST1H2BD PE=1 SV=2	o94874	HUMAN E3 UFM1-protein ligase 1 OS=Homo sapiens GN=UFL1 PE=1 SV=2
H2B	HUMAN Histone H2B type 1-D OS=Homo sapiens GN=HIST1H2BD PE=1 SV=2	q9br39	HUMAN Junctophilin-2 OS=Homo sapiens GN=JPH2 PE=1 SV=2
H2B	HUMAN Histone H2B type 1-D OS=Homo sapiens GN=HIST1H2BD PE=1 SV=2	q13127	HUMAN RE1-silencing transcription factor OS=Homo sapiens GN=REST PE=1 SV=3
H2B	HUMAN Histone H2B type 1-D OS=Homo sapiens GN=HIST1H2BD PE=1 SV=2	q53el6	HUMAN Programmed cell death protein 4 OS=Homo sapiens GN=PDCD4 PE=1 SV=2
H2B	HUMAN Histone H2B type 1-D OS=Homo sapiens GN=HIST1H2BD PE=1 SV=2	q5t0f9	HUMAN Coiled-coil and C2 domain-containing protein 1B OS=Homo sapiens GN=CC2D1B PE=1 SV=1
H2B	HUMAN Histone H2B type 1-D OS=Homo sapiens GN=HIST1H2BD PE=1 SV=2	q68de3	HUMAN Basic helix-loop-helix domain-containing protein USF3 OS=Homo sapiens GN=USF3 PE=1 SV=3
H2B	HUMAN Histone H2B type 1-D OS=Homo sapiens GN=HIST1H2BD PE=1 SV=2	q9ukx7	HUMAN Nuclear pore complex protein Nup50 OS=Homo sapiens GN=NUP50 PE=1 SV=2
H2B	HUMAN Histone H2B type 1-D OS=Homo sapiens GN=HIST1H2BD PE=1 SV=2	q14764	HUMAN Major vault protein OS=Homo sapiens GN=MVP PE=1 SV=4
H2B	HUMAN Histone H2B type 1-D OS=Homo sapiens GN=HIST1H2BD PE=1 SV=2	o95425	HUMAN Supervillin OS=Homo sapiens GN=SVIL PE=1 SV=2
H2B	HUMAN Histone H2B type 1-H OS=Homo sapiens GN=HIST1H2BH PE=1 SV=3	p05204	HUMAN Non-histone chromosomal protein HMG-17 OS=Homo sapiens GN=HMGN2 PE=1 SV=3
H2B	HUMAN Histone H2B type 1-H OS=Homo sapiens GN=HIST1H2BH PE=1 SV=3	p05204	HUMAN Non-histone chromosomal protein HMG-17 OS=Homo sapiens GN=HMGN2 PE=1 SV=3
H2B	HUMAN Histone H2B type 1-H OS=Homo sapiens GN=HIST1H2BH PE=1 SV=3	q9nqz2	HUMAN Something about silencing protein 10 OS=Homo sapiens GN=UTP3 PE=1 SV=1
H2B	HUMAN Histone H2B type 1-H OS=Homo sapiens GN=HIST1H2BH PE=1 SV=3	p46087	HUMAN Probable 28S rRNA (cytosine(4447)-C(5))-methyltransferase OS=Homo sapiens GN=NOP2 PE=1 SV=2
H2B	HUMAN Histone H2B type 1-H OS=Homo sapiens GN=HIST1H2BH PE=1 SV=3	p11388	HUMAN DNA topoisomerase 2-alpha OS=Homo sapiens GN=TOP2A PE=1 SV=3
H2B	HUMAN Histone H2B type 1-H OS=Homo sapiens GN=HIST1H2BH PE=1 SV=3	p62750	HUMAN 60S ribosomal protein L23a OS=Homo sapiens GN=RPL23A PE=1 SV=1
H2B	HUMAN Histone H2B type 1-H OS=Homo sapiens GN=HIST1H2BH PE=1 SV=3	q9nvq4	HUMAN Fas apoptotic inhibitory molecule 1 OS=Homo sapiens GN=FAIM PE=1 SV=1
H2B	HUMAN Histone H2B type 1-H OS=Homo sapiens GN=HIST1H2BH PE=1 SV=3	q5hyl7	HUMAN Transmembrane protein 196 OS=Homo sapiens GN=TMEM196 PE=2 SV=2
H2B	HUMAN Histone H2B type 1-H OS=Homo sapiens GN=HIST1H2BH PE=1 SV=3	p17096	HUMAN High mobility group protein HMG-I/HMG-Y OS=Homo sapiens GN=HMGA1 PE=1 SV=3
H2B	HUMAN Histone H2B type 1-H OS=Homo sapiens GN=HIST1H2BH PE=1 SV=3	p62987	HUMAN Ubiquitin-60S ribosomal protein L40 OS=Homo sapiens GN=UBA52 PE=1 SV=2
H2B	HUMAN Histone H2B type 1-H OS=Homo sapiens GN=HIST1H2BH PE=1 SV=3	q15651	HUMAN High mobility group nucleosome-binding domain-containing protein 3 OS=Homo sapiens GN=HMGN3 PE=1 SV=2
H2B	HUMAN Histone H2B type 1-H OS=Homo sapiens GN=HIST1H2BH PE=1 SV=3	p05204	HUMAN Non-histone chromosomal protein HMG-17 OS=Homo sapiens GN=HMGN2 PE=1 SV=3
H2B	HUMAN Histone H2B type 1-H OS=Homo sapiens GN=HIST1H2BH PE=1 SV=3	p17096	HUMAN High mobility group protein HMG-I/HMG-Y OS=Homo sapiens GN=HMGA1 PE=1 SV=3
H2B	HUMAN Histone H2B type 1-H OS=Homo sapiens GN=HIST1H2BH PE=1 SV=3	p05204	HUMAN Non-histone chromosomal protein HMG-17 OS=Homo sapiens GN=HMGN2 PE=1 SV=3
H2B	HUMAN Histone H2B type 1-H OS=Homo sapiens GN=HIST1H2BH PE=1 SV=3	p05114	HUMAN Non-histone chromosomal protein HMG-14 OS=Homo sapiens GN=HMGN1 PE=1 SV=3
H2B	HUMAN Histone H2B type 1-H OS=Homo sapiens GN=HIST1H2BH PE=1 SV=3	q15651	HUMAN High mobility group nucleosome-binding domain-containing protein 3 OS=Homo sapiens GN=HMGN3 PE=1 SV=2
H2B	HUMAN Histone H2B type 1-H OS=Homo sapiens GN=HIST1H2BH PE=1 SV=3	p52756	HUMAN Isoform 3 of RNA-binding protein 5 OS=Homo sapiens GN=RBM5
H2B	HUMAN Histone H2B type 1-H OS=Homo sapiens GN=HIST1H2BH PE=1 SV=3	p17096	HUMAN High mobility group protein HMG-I/HMG-Y OS=Homo sapiens GN=HMGA1 PE=1 SV=3
H2B	HUMAN Histone H2B type 1-H OS=Homo sapiens GN=HIST1H2BH PE=1 SV=3	p17096	HUMAN High mobility group protein HMG-I/HMG-Y OS=Homo sapiens GN=HMGA1 PE=1 SV=3
H2B	HUMAN Histone H2B type 1-H OS=Homo sapiens GN=HIST1H2BH PE=1 SV=3	q9upp5	HUMAN Uncharacterized protein KIAA1107 OS=Homo sapiens GN=KIAA1107 PE=1 SV=2
H2B	HUMAN Histone H2B type 1-H OS=Homo sapiens GN=HIST1H2BH PE=1 SV=3	q8nhp7	HUMAN piRNA biogenesis protein EXD1 OS=Homo sapiens GN=EXD1 PE=1 SV=4
H2B	HUMAN Histone H2B type 1-H OS=Homo sapiens GN=HIST1H2BH PE=1 SV=3	p05114	HUMAN Non-histone chromosomal protein HMG-14 OS=Homo sapiens GN=HMGN1 PE=1 SV=3
H2B	HUMAN Histone H2B type 1-H OS=Homo sapiens GN=HIST1H2BH PE=1 SV=3	p05114	HUMAN Non-histone chromosomal protein HMG-14 OS=Homo sapiens GN=HMGN1 PE=1 SV=3
H2B	HUMAN Histone H2B type 1-H OS=Homo sapiens GN=HIST1H2BH PE=1 SV=3	q9y5s2	HUMAN Serine/threonine-protein kinase MRCK beta OS=Homo sapiens GN=CDC42BPB PE=1 SV=2
H2B	HUMAN Histone H2B type 1-H OS=Homo sapiens GN=HIST1H2BH PE=1 SV=3	q9y5s2	HUMAN Serine/threonine-protein kinase MRCK beta OS=Homo sapiens GN=CDC42BPB PE=1 SV=2
H2B	HUMAN Histone H2B type 1-H OS=Homo sapiens GN=HIST1H2BH PE=1 SV=3	q96mt7	HUMAN Isoform 2 of Cilia- and flagella-associated protein 44 OS=Homo sapiens GN=CFAP44
H2B	HUMAN Histone H2B type 1-H OS=Homo sapiens GN=HIST1H2BH PE=1 SV=3	q8ivf4	HUMAN Dynein heavy chain 10
H2B	HUMAN Histone H2B type 1-H OS=Homo sapiens GN=HIST1H2BH PE=1 SV=3	q5vuj6	HUMAN Leucine-rich repeat and calponin homology domain-containing protein 2 OS=Homo sapiens GN=LRCH2 PE=2 SV=2
H2B	HUMAN Histone H2B type 1-H OS=Homo sapiens GN=HIST1H2BH PE=1 SV=3	p48741	HUMAN Putative heat shock 70 kDa protein 7 OS=Homo sapiens GN=HSPA7 PE=5 SV=2
H2B	HUMAN Histone H2B type 1-H OS=Homo sapiens GN=HIST1H2BH PE=1 SV=3	q9p1p4	HUMAN Putative trace amine-associated receptor 3 OS=Homo sapiens GN=TAAR3 PE=2 SV=1
H2B	HUMAN Histone H2B type 1-H OS=Homo sapiens GN=HIST1H2BH PE=1 SV=3	p05204	HUMAN Non-histone chromosomal protein HMG-17 OS=Homo sapiens GN=HMGN2 PE=1 SV=3
H2B	HUMAN Histone H2B type 1-H OS=Homo sapiens GN=HIST1H2BH PE=1 SV=3	p09874	HUMAN Poly [ADP-ribose] polymerase 1 OS=Homo sapiens GN=PARP1 PE=1 SV=4
H2B	HUMAN Histone H2B type 1-H OS=Homo sapiens GN=HIST1H2BH PE=1 SV=3	q8te59	HUMAN A disintegrin and metalloproteinase with thrombospondin motifs 19 OS=Homo sapiens GN=ADAMTS19 PE=2 SV=2
H2B	HUMAN Histone H2B type 1-H OS=Homo sapiens GN=HIST1H2BH PE=1 SV=3	q9br39	HUMAN Junctophilin-2 OS=Homo sapiens GN=JPH2 PE=1 SV=2
H2B	HUMAN Histone H2B type 1-H OS=Homo sapiens GN=HIST1H2BH PE=1 SV=3	p26358	HUMAN DNA (cytosine-5)-methyltransferase 1 OS=Homo sapiens GN=DNMT1 PE=1 SV=2
H2B	HUMAN Histone H2B type 1-H OS=Homo sapiens GN=HIST1H2BH PE=1 SV=3	p17096	HUMAN High mobility group protein HMG-I/HMG-Y OS=Homo sapiens GN=HMGA1 PE=1 SV=3
H2B	HUMAN Histone H2B type 1-H OS=Homo sapiens GN=HIST1H2BH PE=1 SV=3	o14958	HUMAN Calsequestrin-2 OS=Homo sapiens GN=CASQ2 PE=1 SV=2
H2B	HUMAN Histone H2B type 1-H OS=Homo sapiens GN=HIST1H2BH PE=1 SV=3	p17096	HUMAN High mobility group protein HMG-I/HMG-Y OS=Homo sapiens GN=HMGA1 PE=1 SV=3
H2B	HUMAN Histone H2B type 1-H OS=Homo sapiens GN=HIST1H2BH PE=1 SV=3	p05204	HUMAN Non-histone chromosomal protein HMG-17 OS=Homo sapiens GN=HMGN2 PE=1 SV=3
H2B	HUMAN Histone H2B type 1-H OS=Homo sapiens GN=HIST1H2BH PE=1 SV=3	q5ksl6	HUMAN Diacylglycerol kinase kappa OS=Homo sapiens GN=DGKK PE=1 SV=1
H2B	HUMAN Histone H2B type 1-H OS=Homo sapiens GN=HIST1H2BH PE=1 SV=3	q96jg9	HUMAN Zinc finger protein 469 OS=Homo sapiens GN=ZNF469 PE=2 SV=3
H2B	HUMAN Histone H2B type 1-H OS=Homo sapiens GN=HIST1H2BH PE=1 SV=3	p50914	HUMAN 60S ribosomal protein L14 OS=Homo sapiens GN=RPL14 PE=1 SV=4
H2B	HUMAN Histone H2B type 1-H OS=Homo sapiens GN=HIST1H2BH PE=1 SV=3	b1ajz9	HUMAN Isoform 3 of Forkhead-associated domain-containing protein 1 OS=Homo sapiens GN=FHAD1
H2B	HUMAN Histone H2B type 1-H OS=Homo sapiens GN=HIST1H2BH PE=1 SV=3	q96mg2	HUMAN Junctional sarcoplasmic reticulum protein 1 OS=Homo sapiens GN=JSRP1 PE=1 SV=1
H2B	HUMAN Histone H2B type 1-H OS=Homo sapiens GN=HIST1H2BH PE=1 SV=3	p59046	HUMAN NACHT
H2B	HUMAN Histone H2B type 1-H OS=Homo sapiens GN=HIST1H2BH PE=1 SV=3	q53el6	HUMAN Programmed cell death protein 4 OS=Homo sapiens GN=PDCD4 PE=1 SV=2
H2B	HUMAN Histone H2B type 1-H OS=Homo sapiens GN=HIST1H2BH PE=1 SV=3	q53el6	HUMAN Programmed cell death protein 4 OS=Homo sapiens GN=PDCD4 PE=1 SV=2
H2B	HUMAN Histone H2B type 1-H OS=Homo sapiens GN=HIST1H2BH PE=1 SV=3	q96kj9	HUMAN Cytochrome c oxidase subunit 4 isoform 2
H2B	HUMAN Histone H2B type 1-H OS=Homo sapiens GN=HIST1H2BH PE=1 SV=3	p25490	HUMAN Transcriptional repressor protein YY1 OS=Homo sapiens GN=YY1 PE=1 SV=2
H2B	HUMAN Histone H2B type 1-H OS=Homo sapiens GN=HIST1H2BH PE=1 SV=3	q5t0f9	HUMAN Coiled-coil and C2 domain-containing protein 1B OS=Homo sapiens GN=CC2D1B PE=1 SV=1
H2B	HUMAN Histone H2B type 1-H OS=Homo sapiens GN=HIST1H2BH PE=1 SV=3	q68de3	HUMAN Basic helix-loop-helix domain-containing protein USF3 OS=Homo sapiens GN=USF3 PE=1 SV=3
H2B	HUMAN Histone H2B type 1-H OS=Homo sapiens GN=HIST1H2BH PE=1 SV=3	q68de3	HUMAN Basic helix-loop-helix domain-containing protein USF3 OS=Homo sapiens GN=USF3 PE=1 SV=3
H2B	HUMAN Histone H2B type 1-H OS=Homo sapiens GN=HIST1H2BH PE=1 SV=3	q86yn1	HUMAN Dolichyldiphosphatase 1 OS=Homo sapiens GN=DOLPP1 PE=2 SV=1
H2B	HUMAN Histone H2B type 1-H OS=Homo sapiens GN=HIST1H2BH PE=1 SV=3	q9uig0	HUMAN Tyrosine-protein kinase BAZ1B OS=Homo sapiens GN=BAZ1B PE=1 SV=2
H2B	HUMAN Histone H2B type 1-H OS=Homo sapiens GN=HIST1H2BH PE=1 SV=3	q9y251	HUMAN Heparanase OS=Homo sapiens GN=HPSE PE=1 SV=2
H2B	HUMAN Histone H2B type 1-H OS=Homo sapiens GN=HIST1H2BH PE=1 SV=3	q9ukx2	HUMAN Myosin-2 OS=Homo sapiens GN=MYH2 PE=1 SV=1
H2B	HUMAN Histone H2B type 1-H OS=Homo sapiens GN=HIST1H2BH PE=1 SV=3	q5bkz1	HUMAN DBIRD complex subunit ZNF326 OS=Homo sapiens GN=ZNF326 PE=1 SV=2
H2B	HUMAN Histone H2B type 1-H OS=Homo sapiens GN=HIST1H2BH PE=1 SV=3	p14625	HUMAN Endoplasmin OS=Homo sapiens GN=HSP90B1 PE=1 SV=1
H2B	HUMAN Histone H2B type 1-H OS=Homo sapiens GN=HIST1H2BH PE=1 SV=3	q9bw71	HUMAN HIRA-interacting protein 3 OS=Homo sapiens GN=HIRIP3 PE=1 SV=3
H2B	HUMAN Histone H2B type 1-H OS=Homo sapiens GN=HIST1H2BH PE=1 SV=3	p17096	HUMAN Isoform HMG-Y of High mobility group protein HMG-I/HMG-Y OS=Homo sapiens GN=HMGA1
H2B	HUMAN Histone H2B type 1-H OS=Homo sapiens GN=HIST1H2BH PE=1 SV=3	q68dd2	HUMAN Cytosolic phospholipase A2 zeta OS=Homo sapiens GN=PLA2G4F PE=2 SV=3
H2B	HUMAN Histone H2B type 1-H OS=Homo sapiens GN=HIST1H2BH PE=1 SV=3	q8wz42	HUMAN Titin OS=Homo sapiens GN=TTN PE=1 SV=4
H2B	HUMAN Histone H2B type 1-H OS=Homo sapiens GN=HIST1H2BH PE=1 SV=3	q8iwu5	HUMAN Extracellular sulfatase Sulf-2 OS=Homo sapiens GN=SULF2 PE=1 SV=1
H2B	HUMAN Histone H2B type 1-H OS=Homo sapiens GN=HIST1H2BH PE=1 SV=3	p52948	HUMAN Nuclear pore complex protein Nup98-Nup96 OS=Homo sapiens GN=NUP98 PE=1 SV=4
H2B	HUMAN Histone H2B type 1-H OS=Homo sapiens GN=HIST1H2BH PE=1 SV=3	q9ukx7	HUMAN Nuclear pore complex protein Nup50 OS=Homo sapiens GN=NUP50 PE=1 SV=2
H2B	HUMAN Histone H2B type 1-H OS=Homo sapiens GN=HIST1H2BH PE=1 SV=3	q14839	HUMAN Chromodomain-helicase-DNA-binding protein 4 OS=Homo sapiens GN=CHD4 PE=1 SV=2
H2B	HUMAN Histone H2B type 1-H OS=Homo sapiens GN=HIST1H2BH PE=1 SV=3	q9bud6	HUMAN Spondin-2 OS=Homo sapiens GN=SPON2 PE=1 SV=3
H2B	HUMAN Histone H2B type 1-H OS=Homo sapiens GN=HIST1H2BH PE=1 SV=3	q7z4v5	HUMAN Hepatoma-derived growth factor-related protein 2 OS=Homo sapiens GN=HDGFRP2 PE=1 SV=1
H2B	HUMAN Histone H2B type 1-H OS=Homo sapiens GN=HIST1H2BH PE=1 SV=3	p62987	HUMAN Ubiquitin-60S ribosomal protein L40 OS=Homo sapiens GN=UBA52 PE=1 SV=2
H2B	HUMAN Histone H2B type 1-H OS=Homo sapiens GN=HIST1H2BH PE=1 SV=3	q13889	HUMAN General transcription factor IIH subunit 3 OS=Homo sapiens GN=GTF2H3 PE=1 SV=2
H2B	HUMAN Histone H2B type 1-H OS=Homo sapiens GN=HIST1H2BH PE=1 SV=3	q8iux8	HUMAN Epidermal growth factor-like protein 6 OS=Homo sapiens GN=EGFL6 PE=2 SV=1
H2B	HUMAN Histone H2B type 1-H OS=Homo sapiens GN=HIST1H2BH PE=1 SV=3	q8td16	HUMAN Protein bicaudal D homolog 2 OS=Homo sapiens GN=BICD2 PE=1 SV=1
H2B	HUMAN Histone H2B type 1-H OS=Homo sapiens GN=HIST1H2BH PE=1 SV=3	p43155	HUMAN Carnitine O-acetyltransferase OS=Homo sapiens GN=CRAT PE=1 SV=5
H2B	HUMAN Histone H2B type 1-H OS=Homo sapiens GN=HIST1H2BH PE=1 SV=3	p05204	HUMAN Non-histone chromosomal protein HMG-17 OS=Homo sapiens GN=HMGN2 PE=1 SV=3
H2B	HUMAN Histone H2B type 1-H OS=Homo sapiens GN=HIST1H2BH PE=1 SV=3	p05204	HUMAN Non-histone chromosomal protein HMG-17 OS=Homo sapiens GN=HMGN2 PE=1 SV=3
H2B	HUMAN Histone H2B type 1-H OS=Homo sapiens GN=HIST1H2BH PE=1 SV=3	q15651	HUMAN High mobility group nucleosome-binding domain-containing protein 3 OS=Homo sapiens GN=HMGN3 PE=1 SV=2
H2B	HUMAN Histone H2B type 1-H OS=Homo sapiens GN=HIST1H2BH PE=1 SV=3	p05114	HUMAN Non-histone chromosomal protein HMG-14 OS=Homo sapiens GN=HMGN1 PE=1 SV=3
H2B	HUMAN Histone H2B type 1-H OS=Homo sapiens GN=HIST1H2BH PE=1 SV=3	p09874	HUMAN Poly [ADP-ribose] polymerase 1 OS=Homo sapiens GN=PARP1 PE=1 SV=4
H2B	HUMAN Histone H2B type 1-H OS=Homo sapiens GN=HIST1H2BH PE=1 SV=3	p62987	HUMAN Ubiquitin-60S ribosomal protein L40 OS=Homo sapiens GN=UBA52 PE=1 SV=2
H2B	HUMAN Histone H2B type 1-H OS=Homo sapiens GN=HIST1H2BH PE=1 SV=3	q496a3	HUMAN Isoform 2 of Spermatogenesis-associated serine-rich protein 1 OS=Homo sapiens GN=SPATS1
H2B	HUMAN Histone H2B type 1-H OS=Homo sapiens GN=HIST1H2BH PE=1 SV=3	q15554	HUMAN Telomeric repeat-binding factor 2 OS=Homo sapiens GN=TERF2 PE=1 SV=3
H2B	HUMAN Histone H2B type 1-H OS=Homo sapiens GN=HIST1H2BH PE=1 SV=3	q14764	HUMAN Major vault protein OS=Homo sapiens GN=MVP PE=1 SV=4
H2B	HUMAN Histone H2B type 1-H OS=Homo sapiens GN=HIST1H2BH PE=1 SV=3	q96li9	HUMAN Putative uncharacterized protein CXorf58 OS=Homo sapiens GN=CXorf58 PE=2 SV=2
H2B	HUMAN Histone H2B type 1-H OS=Homo sapiens GN=HIST1H2BH PE=1 SV=3	q5f1r6	HUMAN DnaJ homolog subfamily C member 21 OS=Homo sapiens GN=DNAJC21 PE=1 SV=2
H2B	HUMAN Histone H2B type 1-H OS=Homo sapiens GN=HIST1H2BH PE=1 SV=3	p48995	HUMAN Short transient receptor potential channel 1 OS=Homo sapiens GN=TRPC1 PE=1 SV=1
H2B	HUMAN Histone H2B type 1-H OS=Homo sapiens GN=HIST1H2BH PE=1 SV=3	q8wz42	HUMAN Titin OS=Homo sapiens GN=TTN PE=1 SV=4
H2B	HUMAN Histone H2B type 1-H OS=Homo sapiens GN=HIST1H2BH PE=1 SV=3	q8ne71	HUMAN ATP-binding cassette sub-family F member 1 OS=Homo sapiens GN=ABCF1 PE=1 SV=2
H2B	HUMAN Histone H2B type 1-H OS=Homo sapiens GN=HIST1H2BH PE=1 SV=3	q8ne71	HUMAN ATP-binding cassette sub-family F member 1 OS=Homo sapiens GN=ABCF1 PE=1 SV=2
H2B	HUMAN Histone H2B type 1-H OS=Homo sapiens GN=HIST1H2BH PE=1 SV=3	q8wyj6	HUMAN Septin-1 OS=Homo sapiens GN=SEPT1 PE=1 SV=2
H2B	HUMAN Histone H2B type 1-H OS=Homo sapiens GN=HIST1H2BH PE=1 SV=3	q8wyj6	HUMAN Septin-1 OS=Homo sapiens GN=SEPT1 PE=1 SV=2
H2B	HUMAN Histone H2B type 1-H OS=Homo sapiens GN=HIST1H2BH PE=1 SV=3	q6p2q9	HUMAN Pre-mRNA-processing-splicing factor 8 OS=Homo sapiens GN=PRPF8 PE=1 SV=2
H2B	HUMAN Histone H2B type 1-H OS=Homo sapiens GN=HIST1H2BH PE=1 SV=3	q9uhb7	HUMAN AF4/FMR2 family member 4 OS=Homo sapiens GN=AFF4 PE=1 SV=1
H2B	HUMAN Histone H2B type 1-H OS=Homo sapiens GN=HIST1H2BH PE=1 SV=3	o94933	HUMAN SLIT and NTRK-like protein 3 OS=Homo sapiens GN=SLITRK3 PE=2 SV=2
H2B	HUMAN Histone H2B type 1-H OS=Homo sapiens GN=HIST1H2BH PE=1 SV=3	o94933	HUMAN SLIT and NTRK-like protein 3 OS=Homo sapiens GN=SLITRK3 PE=2 SV=2
H2B	HUMAN Histone H2B type 1-H OS=Homo sapiens GN=HIST1H2BH PE=1 SV=3	q8wz42	HUMAN Titin OS=Homo sapiens GN=TTN PE=1 SV=4
H2B	HUMAN Histone H2B type 1-H OS=Homo sapiens GN=HIST1H2BH PE=1 SV=3	q8wz42	HUMAN Titin OS=Homo sapiens GN=TTN PE=1 SV=4
H2B	HUMAN Histone H2B type 1-H OS=Homo sapiens GN=HIST1H2BH PE=1 SV=3	p11388	HUMAN DNA topoisomerase 2-alpha OS=Homo sapiens GN=TOP2A PE=1 SV=3
H2B	HUMAN Histone H2B type 1-H OS=Homo sapiens GN=HIST1H2BH PE=1 SV=3	q96d70	HUMAN R3H domain-containing protein 4 OS=Homo sapiens GN=R3HDM4 PE=1 SV=3
H2B	HUMAN Histone H2B type 1-H OS=Homo sapiens GN=HIST1H2BH PE=1 SV=3	o95425	HUMAN Supervillin OS=Homo sapiens GN=SVIL PE=1 SV=2
H2B	HUMAN Histone H2B type 1-H OS=Homo sapiens GN=HIST1H2BH PE=1 SV=3	p98171	HUMAN Rho GTPase-activating protein 4 OS=Homo sapiens GN=ARHGAP4 PE=1 SV=2
H2B	HUMAN Histone H2B type 1-H OS=Homo sapiens GN=HIST1H2BH PE=1 SV=3	q70el2	HUMAN Ubiquitin carboxyl-terminal hydrolase 45 OS=Homo sapiens GN=USP45 PE=1 SV=3
H2B	HUMAN Histone H2B type 1-H OS=Homo sapiens GN=HIST1H2BH PE=1 SV=3	p05204	HUMAN Non-histone chromosomal protein HMG-17 OS=Homo sapiens GN=HMGN2 PE=1 SV=3
H2B	HUMAN Histone H2B type 1-H OS=Homo sapiens GN=HIST1H2BH PE=1 SV=3	q9br39	HUMAN Junctophilin-2 OS=Homo sapiens GN=JPH2 PE=1 SV=2
H2B	HUMAN Histone H2B type 1-H OS=Homo sapiens GN=HIST1H2BH PE=1 SV=3	p17096	HUMAN High mobility group protein HMG-I/HMG-Y OS=Homo sapiens GN=HMGA1 PE=1 SV=3
H2B	HUMAN Histone H2B type 1-H OS=Homo sapiens GN=HIST1H2BH PE=1 SV=3	p05204	HUMAN Non-histone chromosomal protein HMG-17 OS=Homo sapiens GN=HMGN2 PE=1 SV=3
H2B	HUMAN Histone H2B type 1-H OS=Homo sapiens GN=HIST1H2BH PE=1 SV=3	q96ez8	HUMAN Microspherule protein 1 OS=Homo sapiens GN=MCRS1 PE=1 SV=1
H2B	HUMAN Histone H2B type 1-H OS=Homo sapiens GN=HIST1H2BH PE=1 SV=3	q3sy52	HUMAN Zinc finger protein interacting with ribonucleoprotein K OS=Homo sapiens GN=ZIK1 PE=2 SV=1
H2B	HUMAN Histone H2B type 1-H OS=Homo sapiens GN=HIST1H2BH PE=1 SV=3	p17096	HUMAN High mobility group protein HMG-I/HMG-Y OS=Homo sapiens GN=HMGA1 PE=1 SV=3
H2B	HUMAN Histone H2B type 1-H OS=Homo sapiens GN=HIST1H2BH PE=1 SV=3	p17096	HUMAN High mobility group protein HMG-I/HMG-Y OS=Homo sapiens GN=HMGA1 PE=1 SV=3
H2B	HUMAN Histone H2B type 1-H OS=Homo sapiens GN=HIST1H2BH PE=1 SV=3	p09874	HUMAN Poly [ADP-ribose] polymerase 1 OS=Homo sapiens GN=PARP1 PE=1 SV=4
H2B	HUMAN Histone H2B type 1-H OS=Homo sapiens GN=HIST1H2BH PE=1 SV=3	q96n64	HUMAN PWWP domain-containing protein 2A OS=Homo sapiens GN=PWWP2A PE=1 SV=2
H2B	HUMAN Histone H2B type 1-H OS=Homo sapiens GN=HIST1H2BH PE=1 SV=3	p62826	HUMAN GTP-binding nuclear protein Ran OS=Homo sapiens GN=RAN PE=1 SV=3
H2B	HUMAN Histone H2B type 1-H OS=Homo sapiens GN=HIST1H2BH PE=1 SV=3	p17096	HUMAN High mobility group protein HMG-I/HMG-Y OS=Homo sapiens GN=HMGA1 PE=1 SV=3
H2B	HUMAN Histone H2B type 1-H OS=Homo sapiens GN=HIST1H2BH PE=1 SV=3	p17096	HUMAN High mobility group protein HMG-I/HMG-Y OS=Homo sapiens GN=HMGA1 PE=1 SV=3
H2B	HUMAN Histone H2B type 1-H OS=Homo sapiens GN=HIST1H2BH PE=1 SV=3	q5jxx5	HUMAN Glycine receptor subunit alpha-4 OS=Homo sapiens GN=GLRA4 PE=2 SV=3
H2B	HUMAN Histone H2B type 1-H OS=Homo sapiens GN=HIST1H2BH PE=1 SV=3	p05204	HUMAN Non-histone chromosomal protein HMG-17 OS=Homo sapiens GN=HMGN2 PE=1 SV=3
H2B	HUMAN Histone H2B type 1-H OS=Homo sapiens GN=HIST1H2BH PE=1 SV=3	p05204	HUMAN Non-histone chromosomal protein HMG-17 OS=Homo sapiens GN=HMGN2 PE=1 SV=3
H2B	HUMAN Histone H2B type 1-H OS=Homo sapiens GN=HIST1H2BH PE=1 SV=3	p05204	HUMAN Non-histone chromosomal protein HMG-17 OS=Homo sapiens GN=HMGN2 PE=1 SV=3
H2B	HUMAN Histone H2B type 1-H OS=Homo sapiens GN=HIST1H2BH PE=1 SV=3	q15843	HUMAN NEDD8 OS=Homo sapiens GN=NEDD8 PE=1 SV=1
H2B	HUMAN Histone H2B type 1-L OS=Homo sapiens GN=HIST1H2BL PE=1 SV=3	q5hyl7	HUMAN Transmembrane protein 196 OS=Homo sapiens GN=TMEM196 PE=2 SV=2
H2B	HUMAN Histone H2B type 1-L OS=Homo sapiens GN=HIST1H2BL PE=1 SV=3	q9ugp5	HUMAN DNA polymerase lambda OS=Homo sapiens GN=POLL PE=1 SV=1
H2B	HUMAN Histone H2B type 1-L OS=Homo sapiens GN=HIST1H2BL PE=1 SV=3	q9br39	HUMAN Junctophilin-2 OS=Homo sapiens GN=JPH2 PE=1 SV=2
H2B	HUMAN Histone H2B type 1-L OS=Homo sapiens GN=HIST1H2BL PE=1 SV=3	q96jg9	HUMAN Zinc finger protein 469 OS=Homo sapiens GN=ZNF469 PE=2 SV=3
H2B	HUMAN Histone H2B type 1-L OS=Homo sapiens GN=HIST1H2BL PE=1 SV=3	q9ukx7	HUMAN Nuclear pore complex protein Nup50 OS=Homo sapiens GN=NUP50 PE=1 SV=2
H2B	HUMAN Histone H2B type 1-M OS=Homo sapiens GN=HIST1H2BM PE=1 SV=3	q53el6	HUMAN Programmed cell death protein 4 OS=Homo sapiens GN=PDCD4 PE=1 SV=2
H2B	HUMAN Histone H2B type 1-M OS=Homo sapiens GN=HIST1H2BM PE=1 SV=3	p25490	HUMAN Transcriptional repressor protein YY1 OS=Homo sapiens GN=YY1 PE=1 SV=2
H2B	HUMAN Histone H2B type 1-M OS=Homo sapiens GN=HIST1H2BM PE=1 SV=3	q5t0f9	HUMAN Coiled-coil and C2 domain-containing protein 1B OS=Homo sapiens GN=CC2D1B PE=1 SV=1
H2B	HUMAN Histone H2B type 1-N OS=Homo sapiens GN=HIST1H2BN PE=1 SV=3	q5hyl7	HUMAN Transmembrane protein 196 OS=Homo sapiens GN=TMEM196 PE=2 SV=2
H2B	HUMAN Histone H2B type 1-N OS=Homo sapiens GN=HIST1H2BN PE=1 SV=3	q9br39	HUMAN Junctophilin-2 OS=Homo sapiens GN=JPH2 PE=1 SV=2
H2B	HUMAN Histone H2B type 2-E OS=Homo sapiens GN=HIST2H2BE PE=1 SV=3	p05204	HUMAN Non-histone chromosomal protein HMG-17 OS=Homo sapiens GN=HMGN2 PE=1 SV=3
H2B	HUMAN Histone H2B type 2-E OS=Homo sapiens GN=HIST2H2BE PE=1 SV=3	o75054	HUMAN Immunoglobulin superfamily member 3 OS=Homo sapiens GN=IGSF3 PE=2 SV=3
H2B	HUMAN Histone H2B type 2-E OS=Homo sapiens GN=HIST2H2BE PE=1 SV=3	p46087	HUMAN Probable 28S rRNA (cytosine(4447)-C(5))-methyltransferase OS=Homo sapiens GN=NOP2 PE=1 SV=2
H2B	HUMAN Histone H2B type 2-E OS=Homo sapiens GN=HIST2H2BE PE=1 SV=3	q15361	HUMAN Transcription termination factor 1 OS=Homo sapiens GN=TTF1 PE=1 SV=3
H2B	HUMAN Histone H2B type 2-E OS=Homo sapiens GN=HIST2H2BE PE=1 SV=3	q5hyl7	HUMAN Transmembrane protein 196 OS=Homo sapiens GN=TMEM196 PE=2 SV=2
H2B	HUMAN Histone H2B type 2-E OS=Homo sapiens GN=HIST2H2BE PE=1 SV=3	q8n3x1	HUMAN Formin-binding protein 4 OS=Homo sapiens GN=FNBP4 PE=1 SV=3
H2B	HUMAN Histone H2B type 2-E OS=Homo sapiens GN=HIST2H2BE PE=1 SV=3	q9p281	HUMAN BAH and coiled-coil domain-containing protein 1 OS=Homo sapiens GN=BAHCC1 PE=1 SV=3
H2B	HUMAN Histone H2B type 2-E OS=Homo sapiens GN=HIST2H2BE PE=1 SV=3	q9upp5	HUMAN Uncharacterized protein KIAA1107 OS=Homo sapiens GN=KIAA1107 PE=1 SV=2
H2B	HUMAN Histone H2B type 2-E OS=Homo sapiens GN=HIST2H2BE PE=1 SV=3	q8wz42	HUMAN Titin OS=Homo sapiens GN=TTN PE=1 SV=4
H2B	HUMAN Histone H2B type 2-E OS=Homo sapiens GN=HIST2H2BE PE=1 SV=3	q96es7	HUMAN SAGA-associated factor 29 OS=Homo sapiens GN=SGF29 PE=1 SV=1
H2B	HUMAN Histone H2B type 2-E OS=Homo sapiens GN=HIST2H2BE PE=1 SV=3	p48741	HUMAN Putative heat shock 70 kDa protein 7 OS=Homo sapiens GN=HSPA7 PE=5 SV=2
H2B	HUMAN Histone H2B type 2-E OS=Homo sapiens GN=HIST2H2BE PE=1 SV=3	o94874	HUMAN E3 UFM1-protein ligase 1 OS=Homo sapiens GN=UFL1 PE=1 SV=2
H2B	HUMAN Histone H2B type 2-E OS=Homo sapiens GN=HIST2H2BE PE=1 SV=3	q9ugp5	HUMAN DNA polymerase lambda OS=Homo sapiens GN=POLL PE=1 SV=1
H2B	HUMAN Histone H2B type 2-E OS=Homo sapiens GN=HIST2H2BE PE=1 SV=3	q03989	HUMAN AT-rich interactive domain-containing protein 5A OS=Homo sapiens GN=ARID5A PE=1 SV=2
H2B	HUMAN Histone H2B type 2-E OS=Homo sapiens GN=HIST2H2BE PE=1 SV=3	p05204	HUMAN Non-histone chromosomal protein HMG-17 OS=Homo sapiens GN=HMGN2 PE=1 SV=3
H2B	HUMAN Histone H2B type 2-E OS=Homo sapiens GN=HIST2H2BE PE=1 SV=3	q9br39	HUMAN Junctophilin-2 OS=Homo sapiens GN=JPH2 PE=1 SV=2
H2B	HUMAN Histone H2B type 2-E OS=Homo sapiens GN=HIST2H2BE PE=1 SV=3	o14958	HUMAN Calsequestrin-2 OS=Homo sapiens GN=CASQ2 PE=1 SV=2
H2B	HUMAN Histone H2B type 2-E OS=Homo sapiens GN=HIST2H2BE PE=1 SV=3	q96n64	HUMAN PWWP domain-containing protein 2A OS=Homo sapiens GN=PWWP2A PE=1 SV=2
H2B	HUMAN Histone H2B type 2-E OS=Homo sapiens GN=HIST2H2BE PE=1 SV=3	q96n64	HUMAN PWWP domain-containing protein 2A OS=Homo sapiens GN=PWWP2A PE=1 SV=2
H2B	HUMAN Histone H2B type 2-E OS=Homo sapiens GN=HIST2H2BE PE=1 SV=3	q13127	HUMAN RE1-silencing transcription factor OS=Homo sapiens GN=REST PE=1 SV=3
H2B	HUMAN Histone H2B type 2-E OS=Homo sapiens GN=HIST2H2BE PE=1 SV=3	q13127	HUMAN RE1-silencing transcription factor OS=Homo sapiens GN=REST PE=1 SV=3
H2B	HUMAN Histone H2B type 2-E OS=Homo sapiens GN=HIST2H2BE PE=1 SV=3	p51790	HUMAN H(+)/Cl(-) exchange transporter 3 OS=Homo sapiens GN=CLCN3 PE=1 SV=2
H2B	HUMAN Histone H2B type 2-E OS=Homo sapiens GN=HIST2H2BE PE=1 SV=3	a4d1e9	HUMAN GTP-binding protein 10 OS=Homo sapiens GN=GTPBP10 PE=1 SV=1
H2B	HUMAN Histone H2B type 2-E OS=Homo sapiens GN=HIST2H2BE PE=1 SV=3	q6phw0	HUMAN Iodotyrosine deiodinase 1 OS=Homo sapiens GN=IYD PE=1 SV=2
H2B	HUMAN Histone H2B type 2-E OS=Homo sapiens GN=HIST2H2BE PE=1 SV=3	q53el6	HUMAN Programmed cell death protein 4 OS=Homo sapiens GN=PDCD4 PE=1 SV=2
H2B	HUMAN Histone H2B type 2-E OS=Homo sapiens GN=HIST2H2BE PE=1 SV=3	q5t0f9	HUMAN Coiled-coil and C2 domain-containing protein 1B OS=Homo sapiens GN=CC2D1B PE=1 SV=1
H2B	HUMAN Histone H2B type 2-E OS=Homo sapiens GN=HIST2H2BE PE=1 SV=3	q68de3	HUMAN Basic helix-loop-helix domain-containing protein USF3 OS=Homo sapiens GN=USF3 PE=1 SV=3
H2B	HUMAN Histone H2B type 2-E OS=Homo sapiens GN=HIST2H2BE PE=1 SV=3	q9p2m1	HUMAN LRP2-binding protein OS=Homo sapiens GN=LRP2BP PE=1 SV=2
H2B	HUMAN Histone H2B type 2-E OS=Homo sapiens GN=HIST2H2BE PE=1 SV=3	q9ukx7	HUMAN Nuclear pore complex protein Nup50 OS=Homo sapiens GN=NUP50 PE=1 SV=2
H2B	HUMAN Histone H2B type 2-E OS=Homo sapiens GN=HIST2H2BE PE=1 SV=3	q96j77	HUMAN Tumor protein D55 OS=Homo sapiens GN=TPD52L3 PE=1 SV=2
H2B	HUMAN Histone H2B type 2-E OS=Homo sapiens GN=HIST2H2BE PE=1 SV=3	q9bud6	HUMAN Spondin-2 OS=Homo sapiens GN=SPON2 PE=1 SV=3
H2B	HUMAN Histone H2B type 2-E OS=Homo sapiens GN=HIST2H2BE PE=1 SV=3	o95425	HUMAN Supervillin OS=Homo sapiens GN=SVIL PE=1 SV=2
H2B	HUMAN Histone H2B type 2-E OS=Homo sapiens GN=HIST2H2BE PE=1 SV=3	q562f6	HUMAN Shugoshin-like 2 OS=Homo sapiens GN=SGOL2 PE=1 SV=2
H2B	HUMAN Histone H2B type 2-E OS=Homo sapiens GN=HIST2H2BE PE=1 SV=3	q8td16	HUMAN Protein bicaudal D homolog 2 OS=Homo sapiens GN=BICD2 PE=1 SV=1
H2B	HUMAN Histone H2B type 2-E OS=Homo sapiens GN=HIST2H2BE PE=1 SV=3	q14764	HUMAN Major vault protein OS=Homo sapiens GN=MVP PE=1 SV=4
H2B	HUMAN Histone H2B type 2-E OS=Homo sapiens GN=HIST2H2BE PE=1 SV=3	p02545	HUMAN Prelamin-A/C OS=Homo sapiens GN=LMNA PE=1 SV=1
H2B	HUMAN Histone H2B type 2-E OS=Homo sapiens GN=HIST2H2BE PE=1 SV=3	p17096	HUMAN High mobility group protein HMG-I/HMG-Y OS=Homo sapiens GN=HMGA1 PE=1 SV=3
H2B	HUMAN Histone H2B type 2-E OS=Homo sapiens GN=HIST2H2BE PE=1 SV=3	p05204	HUMAN Non-histone chromosomal protein HMG-17 OS=Homo sapiens GN=HMGN2 PE=1 SV=3
H2B	HUMAN Histone H2B type 2-E OS=Homo sapiens GN=HIST2H2BE PE=1 SV=3	p02545	HUMAN Prelamin-A/C OS=Homo sapiens GN=LMNA PE=1 SV=1
H2B	HUMAN Histone H2B type 2-E OS=Homo sapiens GN=HIST2H2BE PE=1 SV=3	q14919	HUMAN Dr1-associated corepressor OS=Homo sapiens GN=DRAP1 PE=1 SV=3
H2B	HUMAN Histone H2B type 2-E OS=Homo sapiens GN=HIST2H2BE PE=1 SV=3	p17096	HUMAN High mobility group protein HMG-I/HMG-Y OS=Homo sapiens GN=HMGA1 PE=1 SV=3
H2B	HUMAN Histone H2B type 2-E OS=Homo sapiens GN=HIST2H2BE PE=1 SV=3	q8wyj6	HUMAN Septin-1 OS=Homo sapiens GN=SEPT1 PE=1 SV=2
H2B	HUMAN Histone H2B type 2-E OS=Homo sapiens GN=HIST2H2BE PE=1 SV=3	q6p2q9	HUMAN Pre-mRNA-processing-splicing factor 8 OS=Homo sapiens GN=PRPF8 PE=1 SV=2
H2B	HUMAN Histone H2B type 2-E OS=Homo sapiens GN=HIST2H2BE PE=1 SV=3	q9ukz4	HUMAN Teneurin-1 OS=Homo sapiens GN=TENM1 PE=1 SV=2
H2B	HUMAN Histone H2B type 2-E OS=Homo sapiens GN=HIST2H2BE PE=1 SV=3	q8iyw2	HUMAN Cilia- and flagella-associated protein 46 OS=Homo sapiens GN=CFAP46 PE=2 SV=3
H2B	HUMAN Histone H2B type 2-E OS=Homo sapiens GN=HIST2H2BE PE=1 SV=3	q8tbk6	HUMAN Zinc finger CCHC domain-containing protein 10 OS=Homo sapiens GN=ZCCHC10 PE=1 SV=1
H2B	HUMAN Histone H2B type 2-E OS=Homo sapiens GN=HIST2H2BE PE=1 SV=3	q14680	HUMAN Maternal embryonic leucine zipper kinase OS=Homo sapiens GN=MELK PE=1 SV=3
H2B	HUMAN Histone H2B type F-S OS=Homo sapiens GN=H2BFS PE=1 SV=2	p05204	HUMAN Non-histone chromosomal protein HMG-17 OS=Homo sapiens GN=HMGN2 PE=1 SV=3
H2B	HUMAN Histone H2B type F-S OS=Homo sapiens GN=H2BFS PE=1 SV=2	p62750	HUMAN 60S ribosomal protein L23a OS=Homo sapiens GN=RPL23A PE=1 SV=1
H2B	HUMAN Histone H2B type F-S OS=Homo sapiens GN=H2BFS PE=1 SV=2	q9nvq4	HUMAN Fas apoptotic inhibitory molecule 1 OS=Homo sapiens GN=FAIM PE=1 SV=1
H2B	HUMAN Histone H2B type F-S OS=Homo sapiens GN=H2BFS PE=1 SV=2	p05204	HUMAN Non-histone chromosomal protein HMG-17 OS=Homo sapiens GN=HMGN2 PE=1 SV=3
H2B	HUMAN Histone H2B type F-S OS=Homo sapiens GN=H2BFS PE=1 SV=2	p62987	HUMAN Ubiquitin-60S ribosomal protein L40 OS=Homo sapiens GN=UBA52 PE=1 SV=2
H2B	HUMAN Histone H2B type F-S OS=Homo sapiens GN=H2BFS PE=1 SV=2	q15651	HUMAN High mobility group nucleosome-binding domain-containing protein 3 OS=Homo sapiens GN=HMGN3 PE=1 SV=2
H2B	HUMAN Histone H2B type F-S OS=Homo sapiens GN=H2BFS PE=1 SV=2	p17096	HUMAN High mobility group protein HMG-I/HMG-Y OS=Homo sapiens GN=HMGA1 PE=1 SV=3
H2B	HUMAN Histone H2B type F-S OS=Homo sapiens GN=H2BFS PE=1 SV=2	p17096	HUMAN High mobility group protein HMG-I/HMG-Y OS=Homo sapiens GN=HMGA1 PE=1 SV=3
H2B	HUMAN Histone H2B type F-S OS=Homo sapiens GN=H2BFS PE=1 SV=2	p05204	HUMAN Non-histone chromosomal protein HMG-17 OS=Homo sapiens GN=HMGN2 PE=1 SV=3
H2B	HUMAN Histone H2B type F-S OS=Homo sapiens GN=H2BFS PE=1 SV=2	p05114	HUMAN Non-histone chromosomal protein HMG-14 OS=Homo sapiens GN=HMGN1 PE=1 SV=3
H2B	HUMAN Histone H2B type F-S OS=Homo sapiens GN=H2BFS PE=1 SV=2	q15651	HUMAN High mobility group nucleosome-binding domain-containing protein 3 OS=Homo sapiens GN=HMGN3 PE=1 SV=2
H2B	HUMAN Histone H2B type F-S OS=Homo sapiens GN=H2BFS PE=1 SV=2	p17096	HUMAN High mobility group protein HMG-I/HMG-Y OS=Homo sapiens GN=HMGA1 PE=1 SV=3
H2B	HUMAN Histone H2B type F-S OS=Homo sapiens GN=H2BFS PE=1 SV=2	p05114	HUMAN Non-histone chromosomal protein HMG-14 OS=Homo sapiens GN=HMGN1 PE=1 SV=3
H2B	HUMAN Histone H2B type F-S OS=Homo sapiens GN=H2BFS PE=1 SV=2	p23560	HUMAN Brain-derived neurotrophic factor OS=Homo sapiens GN=BDNF PE=1 SV=1
H2B	HUMAN Histone H2B type F-S OS=Homo sapiens GN=H2BFS PE=1 SV=2	a0fgr9	HUMAN Extended synaptotagmin-3 OS=Homo sapiens GN=ESYT3 PE=1 SV=1
H2B	HUMAN Histone H2B type F-S OS=Homo sapiens GN=H2BFS PE=1 SV=2	q9h159	HUMAN Cadherin-19 OS=Homo sapiens GN=CDH19 PE=2 SV=1
H2B	HUMAN Histone H2B type F-S OS=Homo sapiens GN=H2BFS PE=1 SV=2	q6phw0	HUMAN Iodotyrosine deiodinase 1 OS=Homo sapiens GN=IYD PE=1 SV=2
H2B	HUMAN Histone H2B type F-S OS=Homo sapiens GN=H2BFS PE=1 SV=2	q53el6	HUMAN Programmed cell death protein 4 OS=Homo sapiens GN=PDCD4 PE=1 SV=2
H2B	HUMAN Histone H2B type F-S OS=Homo sapiens GN=H2BFS PE=1 SV=2	q68dd2	HUMAN Cytosolic phospholipase A2 zeta OS=Homo sapiens GN=PLA2G4F PE=2 SV=3
H2B	HUMAN Histone H2B type F-S OS=Homo sapiens GN=H2BFS PE=1 SV=2	q96kj9	HUMAN Cytochrome c oxidase subunit 4 isoform 2
H2B	HUMAN Histone H2B type F-S OS=Homo sapiens GN=H2BFS PE=1 SV=2	q92622	HUMAN Run domain Beclin-1-interacting and cysteine-rich domain-containing protein OS=Homo sapiens GN=RUBCN PE=1 SV=4
H2B	HUMAN Histone H2B type F-S OS=Homo sapiens GN=H2BFS PE=1 SV=2	q9bud6	HUMAN Spondin-2 OS=Homo sapiens GN=SPON2 PE=1 SV=3
H2B	HUMAN Histone H2B type F-S OS=Homo sapiens GN=H2BFS PE=1 SV=2	p41220	HUMAN Regulator of G-protein signaling 2 OS=Homo sapiens GN=RGS2 PE=1 SV=1
H2B	HUMAN Histone H2B type F-S OS=Homo sapiens GN=H2BFS PE=1 SV=2	q14764	HUMAN Major vault protein OS=Homo sapiens GN=MVP PE=1 SV=4
H2B	HUMAN Histone H2B type F-S OS=Homo sapiens GN=H2BFS PE=1 SV=2	q6p2q9	HUMAN Pre-mRNA-processing-splicing factor 8 OS=Homo sapiens GN=PRPF8 PE=1 SV=2
H2B	HUMAN Histone H2B type F-S OS=Homo sapiens GN=H2BFS PE=1 SV=2	q8wz42	HUMAN Titin OS=Homo sapiens GN=TTN PE=1 SV=4
H2B	HUMAN Histone H2B type F-S OS=Homo sapiens GN=H2BFS PE=1 SV=2	o14662	HUMAN Syntaxin-16 OS=Homo sapiens GN=STX16 PE=1 SV=3
H2B	HUMAN Histone H2B type F-S OS=Homo sapiens GN=H2BFS PE=1 SV=2	q8n108	HUMAN Mesoderm induction early response protein 1 OS=Homo sapiens GN=MIER1 PE=1 SV=2
H2B	HUMAN Histone H2B type F-S OS=Homo sapiens GN=H2BFS PE=1 SV=2	q9bw71	HUMAN HIRA-interacting protein 3 OS=Homo sapiens GN=HIRIP3 PE=1 SV=3
H2B	HUMAN Histone H2B type F-S OS=Homo sapiens GN=H2BFS PE=1 SV=2	q8izf2	HUMAN Adhesion G protein-coupled receptor F5 OS=Homo sapiens GN=ADGRF5 PE=1 SV=3
H2B	HUMAN Histone H2B type F-S OS=Homo sapiens GN=H2BFS PE=1 SV=2	q96n64	HUMAN PWWP domain-containing protein 2A OS=Homo sapiens GN=PWWP2A PE=1 SV=2
H2B	HUMAN Putative histone H2B type 2-C OS=Homo sapiens GN=HIST2H2BC PE=5 SV=3	p17096	HUMAN High mobility group protein HMG-I/HMG-Y OS=Homo sapiens GN=HMGA1 PE=1 SV=3
H2B	HUMAN Putative histone H2B type 2-C OS=Homo sapiens GN=HIST2H2BC PE=5 SV=3	p17096	HUMAN High mobility group protein HMG-I/HMG-Y OS=Homo sapiens GN=HMGA1 PE=1 SV=3
H2B	HUMAN Putative histone H2B type 2-C OS=Homo sapiens GN=HIST2H2BC PE=5 SV=3	p52756	HUMAN Isoform 3 of RNA-binding protein 5 OS=Homo sapiens GN=RBM5
H2B	HUMAN Putative histone H2B type 2-C OS=Homo sapiens GN=HIST2H2BC PE=5 SV=3	q9br39	HUMAN Junctophilin-2 OS=Homo sapiens GN=JPH2 PE=1 SV=2
H2B	HUMAN Putative histone H2B type 2-C OS=Homo sapiens GN=HIST2H2BC PE=5 SV=3	q9y4d8	HUMAN Probable E3 ubiquitin-protein ligase HECTD4 OS=Homo sapiens GN=HECTD4 PE=1 SV=5
H2B	HUMAN Putative histone H2B type 2-C OS=Homo sapiens GN=HIST2H2BC PE=5 SV=3	q14687	HUMAN Genetic suppressor element 1 OS=Homo sapiens GN=GSE1 PE=1 SV=3
H2B	HUMAN Putative histone H2B type 2-C OS=Homo sapiens GN=HIST2H2BC PE=5 SV=3	q3sy52	HUMAN Zinc finger protein interacting with ribonucleoprotein K OS=Homo sapiens GN=ZIK1 PE=2 SV=1
H3	HUMAN Histone H3.1t OS=Homo sapiens GN=HIST3H3 PE=1 SV=3	q92576	HUMAN PHD finger protein 3 OS=Homo sapiens GN=PHF3 PE=1 SV=3
H3	HUMAN Histone H3.1t OS=Homo sapiens GN=HIST3H3 PE=1 SV=3	p46087	HUMAN Probable 28S rRNA (cytosine(4447)-C(5))-methyltransferase OS=Homo sapiens GN=NOP2 PE=1 SV=2
H3	HUMAN Histone H3.1t OS=Homo sapiens GN=HIST3H3 PE=1 SV=3	q9y520	HUMAN Protein PRRC2C OS=Homo sapiens GN=PRRC2C PE=1 SV=4
H3	HUMAN Histone H3.1t OS=Homo sapiens GN=HIST3H3 PE=1 SV=3	p02549	HUMAN Spectrin alpha chain
H3	HUMAN Histone H3.1t OS=Homo sapiens GN=HIST3H3 PE=1 SV=3	q8ivf4	HUMAN Dynein heavy chain 10
H3	HUMAN Histone H3.1t OS=Homo sapiens GN=HIST3H3 PE=1 SV=3	p48741	HUMAN Putative heat shock 70 kDa protein 7 OS=Homo sapiens GN=HSPA7 PE=5 SV=2
H3	HUMAN Histone H3.1t OS=Homo sapiens GN=HIST3H3 PE=1 SV=3	q15149	HUMAN Plectin OS=Homo sapiens GN=PLEC PE=1 SV=3
H3	HUMAN Histone H3.1t OS=Homo sapiens GN=HIST3H3 PE=1 SV=3	p25490	HUMAN Transcriptional repressor protein YY1 OS=Homo sapiens GN=YY1 PE=1 SV=2
H3	HUMAN Histone H3.1t OS=Homo sapiens GN=HIST3H3 PE=1 SV=3	q6in85	HUMAN Serine/threonine-protein phosphatase 4 regulatory subunit 3A OS=Homo sapiens GN=PPP4R3A PE=1 SV=1
H3	HUMAN Histone H3.1t OS=Homo sapiens GN=HIST3H3 PE=1 SV=3	q68de3	HUMAN Basic helix-loop-helix domain-containing protein USF3 OS=Homo sapiens GN=USF3 PE=1 SV=3
H3	HUMAN Histone H3.1t OS=Homo sapiens GN=HIST3H3 PE=1 SV=3	q96j77	HUMAN Tumor protein D55 OS=Homo sapiens GN=TPD52L3 PE=1 SV=2
H3	HUMAN Histone H3.1t OS=Homo sapiens GN=HIST3H3 PE=1 SV=3	p05204	HUMAN Non-histone chromosomal protein HMG-17 OS=Homo sapiens GN=HMGN2 PE=1 SV=3
H3	HUMAN Histone H3.1t OS=Homo sapiens GN=HIST3H3 PE=1 SV=3	q9br39	HUMAN Junctophilin-2 OS=Homo sapiens GN=JPH2 PE=1 SV=2
H3	HUMAN Histone H3.1t OS=Homo sapiens GN=HIST3H3 PE=1 SV=3	p62987	HUMAN Ubiquitin-60S ribosomal protein L40 OS=Homo sapiens GN=UBA52 PE=1 SV=2
H3	HUMAN Histone H3.1t OS=Homo sapiens GN=HIST3H3 PE=1 SV=3	q8td16	HUMAN Protein bicaudal D homolog 2 OS=Homo sapiens GN=BICD2 PE=1 SV=1
H3	HUMAN Histone H3.1t OS=Homo sapiens GN=HIST3H3 PE=1 SV=3	p17096	HUMAN High mobility group protein HMG-I/HMG-Y OS=Homo sapiens GN=HMGA1 PE=1 SV=3
H3	HUMAN Histone H3.1t OS=Homo sapiens GN=HIST3H3 PE=1 SV=3	p17096	HUMAN High mobility group protein HMG-I/HMG-Y OS=Homo sapiens GN=HMGA1 PE=1 SV=3
H3	HUMAN Histone H3.1t OS=Homo sapiens GN=HIST3H3 PE=1 SV=3	p05204	HUMAN Non-histone chromosomal protein HMG-17 OS=Homo sapiens GN=HMGN2 PE=1 SV=3
H3	HUMAN Histone H3.1t OS=Homo sapiens GN=HIST3H3 PE=1 SV=3	p62987	HUMAN Ubiquitin-60S ribosomal protein L40 OS=Homo sapiens GN=UBA52 PE=1 SV=2
H3	HUMAN Histone H3.1t OS=Homo sapiens GN=HIST3H3 PE=1 SV=3	q68dd2	HUMAN Cytosolic phospholipase A2 zeta OS=Homo sapiens GN=PLA2G4F PE=2 SV=3
H3	HUMAN Histone H3.1t OS=Homo sapiens GN=HIST3H3 PE=1 SV=3	p04275	HUMAN von Willebrand factor OS=Homo sapiens GN=VWF PE=1 SV=4
H3	HUMAN Histone H3.1t OS=Homo sapiens GN=HIST3H3 PE=1 SV=3	p17096	HUMAN High mobility group protein HMG-I/HMG-Y OS=Homo sapiens GN=HMGA1 PE=1 SV=3
H3	HUMAN Histone H3.1t OS=Homo sapiens GN=HIST3H3 PE=1 SV=3	p05204	HUMAN Non-histone chromosomal protein HMG-17 OS=Homo sapiens GN=HMGN2 PE=1 SV=3
H3	HUMAN Histone H3.1t OS=Homo sapiens GN=HIST3H3 PE=1 SV=3	q14739	HUMAN Lamin-B receptor OS=Homo sapiens GN=LBR PE=1 SV=2
H3	HUMAN Histone H3.1t OS=Homo sapiens GN=HIST3H3 PE=1 SV=3	o14727	HUMAN Apoptotic protease-activating factor 1 OS=Homo sapiens GN=APAF1 PE=1 SV=2
H3	HUMAN Histone H3.1t OS=Homo sapiens GN=HIST3H3 PE=1 SV=3	p05204	HUMAN Non-histone chromosomal protein HMG-17 OS=Homo sapiens GN=HMGN2 PE=1 SV=3
H3	HUMAN Histone H3.1t OS=Homo sapiens GN=HIST3H3 PE=1 SV=3	p52948	HUMAN Nuclear pore complex protein Nup98-Nup96 OS=Homo sapiens GN=NUP98 PE=1 SV=4
H3	HUMAN Histone H3.1t OS=Homo sapiens GN=HIST3H3 PE=1 SV=3	q9ukx7	HUMAN Nuclear pore complex protein Nup50 OS=Homo sapiens GN=NUP50 PE=1 SV=2
H3	HUMAN Histone H3.1t OS=Homo sapiens GN=HIST3H3 PE=1 SV=3	q96bj8	HUMAN Engulfment and cell motility protein 3 OS=Homo sapiens GN=ELMO3 PE=1 SV=3
H3	HUMAN Histone H3.1t OS=Homo sapiens GN=HIST3H3 PE=1 SV=3	q8td16	HUMAN Protein bicaudal D homolog 2 OS=Homo sapiens GN=BICD2 PE=1 SV=1
H3	HUMAN Histone H3.1t OS=Homo sapiens GN=HIST3H3 PE=1 SV=3	q8td16	HUMAN Protein bicaudal D homolog 2 OS=Homo sapiens GN=BICD2 PE=1 SV=1
H3	HUMAN Histone H3.1t OS=Homo sapiens GN=HIST3H3 PE=1 SV=3	q8n6m0	HUMAN OTU domain-containing protein 6B OS=Homo sapiens GN=OTUD6B PE=1 SV=1
H3	HUMAN Histone H3.1t OS=Homo sapiens GN=HIST3H3 PE=1 SV=3	q8ne71	HUMAN ATP-binding cassette sub-family F member 1 OS=Homo sapiens GN=ABCF1 PE=1 SV=2
H3	HUMAN Histone H3.1t OS=Homo sapiens GN=HIST3H3 PE=1 SV=3	p11532	HUMAN Dystrophin OS=Homo sapiens GN=DMD PE=1 SV=3
H3	HUMAN Histone H3.1t OS=Homo sapiens GN=HIST3H3 PE=1 SV=3	p11388	HUMAN DNA topoisomerase 2-alpha OS=Homo sapiens GN=TOP2A PE=1 SV=3
H3	HUMAN Histone H3.1t OS=Homo sapiens GN=HIST3H3 PE=1 SV=3	q32m45	HUMAN Anoctamin-4 OS=Homo sapiens GN=ANO4 PE=2 SV=1
H3	HUMAN Histone H3.1t OS=Homo sapiens GN=HIST3H3 PE=1 SV=3	q7z7g8	HUMAN Vacuolar protein sorting-associated protein 13B OS=Homo sapiens GN=VPS13B PE=1 SV=2
H3	HUMAN Histone H3.1t OS=Homo sapiens GN=HIST3H3 PE=1 SV=3	p05204	HUMAN Non-histone chromosomal protein HMG-17 OS=Homo sapiens GN=HMGN2 PE=1 SV=3
H3	HUMAN Histone H3.1t OS=Homo sapiens GN=HIST3H3 PE=1 SV=3	q9br39	HUMAN Junctophilin-2 OS=Homo sapiens GN=JPH2 PE=1 SV=2
H3	HUMAN Histone H3.1t OS=Homo sapiens GN=HIST3H3 PE=1 SV=3	p17096	HUMAN High mobility group protein HMG-I/HMG-Y OS=Homo sapiens GN=HMGA1 PE=1 SV=3
H3	HUMAN Histone H3.1t OS=Homo sapiens GN=HIST3H3 PE=1 SV=3	p62987	HUMAN Ubiquitin-60S ribosomal protein L40 OS=Homo sapiens GN=UBA52 PE=1 SV=2
H3	HUMAN Histone H3.1t OS=Homo sapiens GN=HIST3H3 PE=1 SV=3	q8td16	HUMAN Protein bicaudal D homolog 2 OS=Homo sapiens GN=BICD2 PE=1 SV=1
H3	HUMAN Histone H3.1t OS=Homo sapiens GN=HIST3H3 PE=1 SV=3	p17096	HUMAN High mobility group protein HMG-I/HMG-Y OS=Homo sapiens GN=HMGA1 PE=1 SV=3
H3	HUMAN Histone H3.1t OS=Homo sapiens GN=HIST3H3 PE=1 SV=3	p05204	HUMAN Non-histone chromosomal protein HMG-17 OS=Homo sapiens GN=HMGN2 PE=1 SV=3
H3	HUMAN Histone H3.1t OS=Homo sapiens GN=HIST3H3 PE=1 SV=3	p45973	HUMAN Chromobox protein homolog 5 OS=Homo sapiens GN=CBX5 PE=1 SV=1
H3	HUMAN Histone H3.1t OS=Homo sapiens GN=HIST3H3 PE=1 SV=3	p62826	HUMAN GTP-binding nuclear protein Ran OS=Homo sapiens GN=RAN PE=1 SV=3
H3	HUMAN Histone H3.1t OS=Homo sapiens GN=HIST3H3 PE=1 SV=3	p49959	HUMAN Double-strand break repair protein MRE11A OS=Homo sapiens GN=MRE11A PE=1 SV=3
H3	HUMAN Histone H3.2 OS=Homo sapiens GN=HIST2H3A PE=1 SV=3	p46087	HUMAN Probable 28S rRNA (cytosine(4447)-C(5))-methyltransferase OS=Homo sapiens GN=NOP2 PE=1 SV=2
H3	HUMAN Histone H3.2 OS=Homo sapiens GN=HIST2H3A PE=1 SV=3	q9p1p4	HUMAN Putative trace amine-associated receptor 3 OS=Homo sapiens GN=TAAR3 PE=2 SV=1
H3	HUMAN Histone H3.2 OS=Homo sapiens GN=HIST2H3A PE=1 SV=3	q8td16	HUMAN Protein bicaudal D homolog 2 OS=Homo sapiens GN=BICD2 PE=1 SV=1
H3	HUMAN Histone H3.2 OS=Homo sapiens GN=HIST2H3A PE=1 SV=3	p17096	HUMAN High mobility group protein HMG-I/HMG-Y OS=Homo sapiens GN=HMGA1 PE=1 SV=3
H3	HUMAN Histone H3.2 OS=Homo sapiens GN=HIST2H3A PE=1 SV=3	p05204	HUMAN Non-histone chromosomal protein HMG-17 OS=Homo sapiens GN=HMGN2 PE=1 SV=3
H3	HUMAN Histone H3.2 OS=Homo sapiens GN=HIST2H3A PE=1 SV=3	o94933	HUMAN SLIT and NTRK-like protein 3 OS=Homo sapiens GN=SLITRK3 PE=2 SV=2
H3	HUMAN Histone H3.3 OS=Homo sapiens GN=H3F3A PE=1 SV=2	o60673	HUMAN DNA polymerase zeta catalytic subunit OS=Homo sapiens GN=REV3L PE=1 SV=2
H4	HUMAN Histone H4 OS=Homo sapiens GN=HIST1H4A PE=1 SV=2	o75054	HUMAN Immunoglobulin superfamily member 3 OS=Homo sapiens GN=IGSF3 PE=2 SV=3
H4	HUMAN Histone H4 OS=Homo sapiens GN=HIST1H4A PE=1 SV=2	p45973	HUMAN Chromobox protein homolog 5 OS=Homo sapiens GN=CBX5 PE=1 SV=1
H4	HUMAN Histone H4 OS=Homo sapiens GN=HIST1H4A PE=1 SV=2	p48741	HUMAN Putative heat shock 70 kDa protein 7 OS=Homo sapiens GN=HSPA7 PE=5 SV=2
H4	HUMAN Histone H4 OS=Homo sapiens GN=HIST1H4A PE=1 SV=2	p62826	HUMAN GTP-binding nuclear protein Ran OS=Homo sapiens GN=RAN PE=1 SV=3
H4	HUMAN Histone H4 OS=Homo sapiens GN=HIST1H4A PE=1 SV=2	p05204	HUMAN Non-histone chromosomal protein HMG-17 OS=Homo sapiens GN=HMGN2 PE=1 SV=3
H4	HUMAN Histone H4 OS=Homo sapiens GN=HIST1H4A PE=1 SV=2	p62987	HUMAN Ubiquitin-60S ribosomal protein L40 OS=Homo sapiens GN=UBA52 PE=1 SV=2
H4	HUMAN Histone H4 OS=Homo sapiens GN=HIST1H4A PE=1 SV=2	p17096	HUMAN High mobility group protein HMG-I/HMG-Y OS=Homo sapiens GN=HMGA1 PE=1 SV=3
H4	HUMAN Histone H4 OS=Homo sapiens GN=HIST1H4A PE=1 SV=2	q9br39	HUMAN Junctophilin-2 OS=Homo sapiens GN=JPH2 PE=1 SV=2
H4	HUMAN Histone H4 OS=Homo sapiens GN=HIST1H4A PE=1 SV=2	p17096	HUMAN High mobility group protein HMG-I/HMG-Y OS=Homo sapiens GN=HMGA1 PE=1 SV=3
H4	HUMAN Histone H4 OS=Homo sapiens GN=HIST1H4A PE=1 SV=2	p62987	HUMAN Ubiquitin-60S ribosomal protein L40 OS=Homo sapiens GN=UBA52 PE=1 SV=2
H4	HUMAN Histone H4 OS=Homo sapiens GN=HIST1H4A PE=1 SV=2	p05204	HUMAN Non-histone chromosomal protein HMG-17 OS=Homo sapiens GN=HMGN2 PE=1 SV=3
H4	HUMAN Histone H4 OS=Homo sapiens GN=HIST1H4A PE=1 SV=2	p62987	HUMAN Ubiquitin-60S ribosomal protein L40 OS=Homo sapiens GN=UBA52 PE=1 SV=2
H4	HUMAN Histone H4 OS=Homo sapiens GN=HIST1H4A PE=1 SV=2	p05204	HUMAN Non-histone chromosomal protein HMG-17 OS=Homo sapiens GN=HMGN2 PE=1 SV=3
H4	HUMAN Histone H4 OS=Homo sapiens GN=HIST1H4A PE=1 SV=2	q86y22	HUMAN Collagen alpha-1(XXIII) chain OS=Homo sapiens GN=COL23A1 PE=1 SV=1
H4	HUMAN Histone H4 OS=Homo sapiens GN=HIST1H4A PE=1 SV=2	p25490	HUMAN Transcriptional repressor protein YY1 OS=Homo sapiens GN=YY1 PE=1 SV=2
H4	HUMAN Histone H4 OS=Homo sapiens GN=HIST1H4A PE=1 SV=2	p25490	HUMAN Transcriptional repressor protein YY1 OS=Homo sapiens GN=YY1 PE=1 SV=2
H4	HUMAN Histone H4 OS=Homo sapiens GN=HIST1H4A PE=1 SV=2	p25490	HUMAN Transcriptional repressor protein YY1 OS=Homo sapiens GN=YY1 PE=1 SV=2
H4	HUMAN Histone H4 OS=Homo sapiens GN=HIST1H4A PE=1 SV=2	q68de3	HUMAN Basic helix-loop-helix domain-containing protein USF3 OS=Homo sapiens GN=USF3 PE=1 SV=3
H4	HUMAN Histone H4 OS=Homo sapiens GN=HIST1H4A PE=1 SV=2	q68de3	HUMAN Basic helix-loop-helix domain-containing protein USF3 OS=Homo sapiens GN=USF3 PE=1 SV=3
H4	HUMAN Histone H4 OS=Homo sapiens GN=HIST1H4A PE=1 SV=2	q68de3	HUMAN Basic helix-loop-helix domain-containing protein USF3 OS=Homo sapiens GN=USF3 PE=1 SV=3
H4	HUMAN Histone H4 OS=Homo sapiens GN=HIST1H4A PE=1 SV=2	p04275	HUMAN von Willebrand factor OS=Homo sapiens GN=VWF PE=1 SV=4
H4	HUMAN Histone H4 OS=Homo sapiens GN=HIST1H4A PE=1 SV=2	o95425	HUMAN Supervillin OS=Homo sapiens GN=SVIL PE=1 SV=2
H4	HUMAN Histone H4 OS=Homo sapiens GN=HIST1H4A PE=1 SV=2	o95425	HUMAN Supervillin OS=Homo sapiens GN=SVIL PE=1 SV=2
p17096	HUMAN High mobility group protein HMG-I/HMG-Y OS=Homo sapiens GN=HMGA1 PE=1 SV=3	q92576	HUMAN PHD finger protein 3 OS=Homo sapiens GN=PHF3 PE=1 SV=3
p17096	HUMAN High mobility group protein HMG-I/HMG-Y OS=Homo sapiens GN=HMGA1 PE=1 SV=3	p78316	HUMAN Nucleolar protein 14 OS=Homo sapiens GN=NOP14 PE=1 SV=3
p17096	HUMAN High mobility group protein HMG-I/HMG-Y OS=Homo sapiens GN=HMGA1 PE=1 SV=3	q92835	HUMAN Phosphatidylinositol 3
p17096	HUMAN High mobility group protein HMG-I/HMG-Y OS=Homo sapiens GN=HMGA1 PE=1 SV=3	q5bkx8	HUMAN Muscle-related coiled-coil protein OS=Homo sapiens GN=MURC PE=1 SV=2
p17096	HUMAN High mobility group protein HMG-I/HMG-Y OS=Homo sapiens GN=HMGA1 PE=1 SV=3	q96t58	HUMAN Msx2-interacting protein OS=Homo sapiens GN=SPEN PE=1 SV=1
p17096	HUMAN High mobility group protein HMG-I/HMG-Y OS=Homo sapiens GN=HMGA1 PE=1 SV=3	p40222	HUMAN Alpha-taxilin OS=Homo sapiens GN=TXLNA PE=1 SV=3
p17096	HUMAN High mobility group protein HMG-I/HMG-Y OS=Homo sapiens GN=HMGA1 PE=1 SV=3	p40222	HUMAN Alpha-taxilin OS=Homo sapiens GN=TXLNA PE=1 SV=3
p17096	HUMAN High mobility group protein HMG-I/HMG-Y OS=Homo sapiens GN=HMGA1 PE=1 SV=3	p40222	HUMAN Alpha-taxilin OS=Homo sapiens GN=TXLNA PE=1 SV=3
p17096	HUMAN High mobility group protein HMG-I/HMG-Y OS=Homo sapiens GN=HMGA1 PE=1 SV=3	q13889	HUMAN General transcription factor IIH subunit 3 OS=Homo sapiens GN=GTF2H3 PE=1 SV=2
p17096	HUMAN High mobility group protein HMG-I/HMG-Y OS=Homo sapiens GN=HMGA1 PE=1 SV=3	o00763	HUMAN Acetyl-CoA carboxylase 2 OS=Homo sapiens GN=ACACB PE=1 SV=3
p17096	HUMAN High mobility group protein HMG-I/HMG-Y OS=Homo sapiens GN=HMGA1 PE=1 SV=3	p49796	HUMAN Regulator of G-protein signaling 3 OS=Homo sapiens GN=RGS3 PE=1 SV=2
p17096	HUMAN High mobility group protein HMG-I/HMG-Y OS=Homo sapiens GN=HMGA1 PE=1 SV=3	p49796	HUMAN Regulator of G-protein signaling 3 OS=Homo sapiens GN=RGS3 PE=1 SV=2
p05114	HUMAN Non-histone chromosomal protein HMG-14 OS=Homo sapiens GN=HMGN1 PE=1 SV=3	a2vck2	HUMAN Doublecortin domain-containing protein 2B OS=Homo sapiens GN=DCDC2B PE=1 SV=1
p05114	HUMAN Non-histone chromosomal protein HMG-14 OS=Homo sapiens GN=HMGN1 PE=1 SV=3	q8ix01	HUMAN SURP and G-patch domain-containing protein 2 OS=Homo sapiens GN=SUGP2 PE=1 SV=2
p05114	HUMAN Non-histone chromosomal protein HMG-14 OS=Homo sapiens GN=HMGN1 PE=1 SV=3	q12955	HUMAN Ankyrin-3 OS=Homo sapiens GN=ANK3 PE=1 SV=3
p05204	HUMAN Non-histone chromosomal protein HMG-17 OS=Homo sapiens GN=HMGN2 PE=1 SV=3	q6ibs0	HUMAN Twinfilin-2 OS=Homo sapiens GN=TWF2 PE=1 SV=2
p05204	HUMAN Non-histone chromosomal protein HMG-17 OS=Homo sapiens GN=HMGN2 PE=1 SV=3	p10916	HUMAN Myosin regulatory light chain 2
p05204	HUMAN Non-histone chromosomal protein HMG-17 OS=Homo sapiens GN=HMGN2 PE=1 SV=3	p10916	HUMAN Myosin regulatory light chain 2
p05204	HUMAN Non-histone chromosomal protein HMG-17 OS=Homo sapiens GN=HMGN2 PE=1 SV=3	q9nr99	HUMAN Matrix-remodeling-associated protein 5 OS=Homo sapiens GN=MXRA5 PE=2 SV=3
p05204	HUMAN Non-histone chromosomal protein HMG-17 OS=Homo sapiens GN=HMGN2 PE=1 SV=3	q9nr99	HUMAN Matrix-remodeling-associated protein 5 OS=Homo sapiens GN=MXRA5 PE=2 SV=3
p05204	HUMAN Non-histone chromosomal protein HMG-17 OS=Homo sapiens GN=HMGN2 PE=1 SV=3	q8nf91	HUMAN Nesprin-1 OS=Homo sapiens GN=SYNE1 PE=1 SV=4
p05204	HUMAN Non-histone chromosomal protein HMG-17 OS=Homo sapiens GN=HMGN2 PE=1 SV=3	q9y6v0	HUMAN Protein piccolo OS=Homo sapiens GN=PCLO PE=1 SV=4
p05204	HUMAN Non-histone chromosomal protein HMG-17 OS=Homo sapiens GN=HMGN2 PE=1 SV=3	q9y6v0	HUMAN Protein piccolo OS=Homo sapiens GN=PCLO PE=1 SV=4
p05204	HUMAN Non-histone chromosomal protein HMG-17 OS=Homo sapiens GN=HMGN2 PE=1 SV=3	q96t55	HUMAN Potassium channel subfamily K member 16 OS=Homo sapiens GN=KCNK16 PE=1 SV=1
p05204	HUMAN Non-histone chromosomal protein HMG-17 OS=Homo sapiens GN=HMGN2 PE=1 SV=3	q96t55	HUMAN Potassium channel subfamily K member 16 OS=Homo sapiens GN=KCNK16 PE=1 SV=1
p05204	HUMAN Non-histone chromosomal protein HMG-17 OS=Homo sapiens GN=HMGN2 PE=1 SV=3	q96t55	HUMAN Potassium channel subfamily K member 16 OS=Homo sapiens GN=KCNK16 PE=1 SV=1
p05204	HUMAN Non-histone chromosomal protein HMG-17 OS=Homo sapiens GN=HMGN2 PE=1 SV=3	q9bsl1	HUMAN Ubiquitin-associated domain-containing protein 1 OS=Homo sapiens GN=UBAC1 PE=1 SV=1
p05204	HUMAN Non-histone chromosomal protein HMG-17 OS=Homo sapiens GN=HMGN2 PE=1 SV=3	q9bsl1	HUMAN Ubiquitin-associated domain-containing protein 1 OS=Homo sapiens GN=UBAC1 PE=1 SV=1
p05204	HUMAN Non-histone chromosomal protein HMG-17 OS=Homo sapiens GN=HMGN2 PE=1 SV=3	q9bsl1	HUMAN Ubiquitin-associated domain-containing protein 1 OS=Homo sapiens GN=UBAC1 PE=1 SV=1
p05204	HUMAN Non-histone chromosomal protein HMG-17 OS=Homo sapiens GN=HMGN2 PE=1 SV=3	q8n5m1	HUMAN ATP synthase mitochondrial F1 complex assembly factor 2 OS=Homo sapiens GN=ATPAF2 PE=1 SV=1
p05204	HUMAN Non-histone chromosomal protein HMG-17 OS=Homo sapiens GN=HMGN2 PE=1 SV=3	q8n5m1	HUMAN ATP synthase mitochondrial F1 complex assembly factor 2 OS=Homo sapiens GN=ATPAF2 PE=1 SV=1
p05204	HUMAN Non-histone chromosomal protein HMG-17 OS=Homo sapiens GN=HMGN2 PE=1 SV=3	q9h7b2	HUMAN Ribosome production factor 2 homolog OS=Homo sapiens GN=RPF2 PE=1 SV=2
p05204	HUMAN Non-histone chromosomal protein HMG-17 OS=Homo sapiens GN=HMGN2 PE=1 SV=3	q9h4a3	HUMAN Serine/threonine-protein kinase WNK1 OS=Homo sapiens GN=WNK1 PE=1 SV=2
p05204	HUMAN Non-histone chromosomal protein HMG-17 OS=Homo sapiens GN=HMGN2 PE=1 SV=3	q8td26	HUMAN Chromodomain-helicase-DNA-binding protein 6 OS=Homo sapiens GN=CHD6 PE=1 SV=4
p05204	HUMAN Non-histone chromosomal protein HMG-17 OS=Homo sapiens GN=HMGN2 PE=1 SV=3	q8td26	HUMAN Chromodomain-helicase-DNA-binding protein 6 OS=Homo sapiens GN=CHD6 PE=1 SV=4
p05204	HUMAN Non-histone chromosomal protein HMG-17 OS=Homo sapiens GN=HMGN2 PE=1 SV=3	o43711	HUMAN T-cell leukemia homeobox protein 3 OS=Homo sapiens GN=TLX3 PE=1 SV=3
q15651	HUMAN High mobility group nucleosome-binding domain-containing protein 3 OS=Homo sapiens GN=HMGN3 PE=1 SV=2	p07355	HUMAN Annexin A2 OS=Homo sapiens GN=ANXA2 PE=1 SV=2
q15651	HUMAN High mobility group nucleosome-binding domain-containing protein 3 OS=Homo sapiens GN=HMGN3 PE=1 SV=2	q8wyp5	HUMAN Protein ELYS OS=Homo sapiens GN=AHCTF1 PE=1 SV=3
q9y4l1	HUMAN Hypoxia up-regulated protein 1 OS=Homo sapiens GN=HYOU1 PE=1 SV=1	q9h0i2	HUMAN Isoform 2 of Enkurin domain-containing protein 1 OS=Homo sapiens GN=ENKD1
q9y4l1	HUMAN Hypoxia up-regulated protein 1 OS=Homo sapiens GN=HYOU1 PE=1 SV=1	p11021	HUMAN 78 kDa glucose-regulated protein OS=Homo sapiens GN=HSPA5 PE=1 SV=2
q9y4l1	HUMAN Hypoxia up-regulated protein 1 OS=Homo sapiens GN=HYOU1 PE=1 SV=1	p11021	HUMAN 78 kDa glucose-regulated protein OS=Homo sapiens GN=HSPA5 PE=1 SV=2
q9y4l1	HUMAN Hypoxia up-regulated protein 1 OS=Homo sapiens GN=HYOU1 PE=1 SV=1	p11021	HUMAN 78 kDa glucose-regulated protein OS=Homo sapiens GN=HSPA5 PE=1 SV=2
q9y4l1	HUMAN Hypoxia up-regulated protein 1 OS=Homo sapiens GN=HYOU1 PE=1 SV=1	p11021	HUMAN 78 kDa glucose-regulated protein OS=Homo sapiens GN=HSPA5 PE=1 SV=2
q9y4l1	HUMAN Hypoxia up-regulated protein 1 OS=Homo sapiens GN=HYOU1 PE=1 SV=1	p11021	HUMAN 78 kDa glucose-regulated protein OS=Homo sapiens GN=HSPA5 PE=1 SV=2
q9y4l1	HUMAN Hypoxia up-regulated protein 1 OS=Homo sapiens GN=HYOU1 PE=1 SV=1	p11021	HUMAN 78 kDa glucose-regulated protein OS=Homo sapiens GN=HSPA5 PE=1 SV=2
o75054	HUMAN Immunoglobulin superfamily member 3 OS=Homo sapiens GN=IGSF3 PE=2 SV=3	p62826	HUMAN GTP-binding nuclear protein Ran OS=Homo sapiens GN=RAN PE=1 SV=3
o75054	HUMAN Immunoglobulin superfamily member 3 OS=Homo sapiens GN=IGSF3 PE=2 SV=3	q00341	HUMAN Vigilin OS=Homo sapiens GN=HDLBP PE=1 SV=2
q9br39	HUMAN Junctophilin-2 OS=Homo sapiens GN=JPH2 PE=1 SV=2	q04743	HUMAN Isoform 2 of Homeobox protein EMX2 OS=Homo sapiens GN=EMX2
q14739	HUMAN Lamin-B receptor OS=Homo sapiens GN=LBR PE=1 SV=2	q8iw00	HUMAN V-set and transmembrane domain-containing protein 4 OS=Homo sapiens GN=VSTM4 PE=2 SV=3
p02545	HUMAN Prelamin-A/C OS=Homo sapiens GN=LMNA PE=1 SV=1	q6zvc0	HUMAN Neuronal tyrosine-phosphorylated phosphoinositide-3-kinase adapter 1 OS=Homo sapiens GN=NYAP1 PE=2 SV=1
p02545	HUMAN Prelamin-A/C OS=Homo sapiens GN=LMNA PE=1 SV=1	q6zvc0	HUMAN Neuronal tyrosine-phosphorylated phosphoinositide-3-kinase adapter 1 OS=Homo sapiens GN=NYAP1 PE=2 SV=1
p02545	HUMAN Prelamin-A/C OS=Homo sapiens GN=LMNA PE=1 SV=1	q86y22	HUMAN Collagen alpha-1(XXIII) chain OS=Homo sapiens GN=COL23A1 PE=1 SV=1
p02545	HUMAN Prelamin-A/C OS=Homo sapiens GN=LMNA PE=1 SV=1	o75379	HUMAN Vesicle-associated membrane protein 4 OS=Homo sapiens GN=VAMP4 PE=1 SV=2
p02545	HUMAN Prelamin-A/C OS=Homo sapiens GN=LMNA PE=1 SV=1	q9ule6	HUMAN Paladin OS=Homo sapiens GN=PALD1 PE=1 SV=3
p02545	HUMAN Prelamin-A/C OS=Homo sapiens GN=LMNA PE=1 SV=1	p20700	HUMAN Lamin-B1 OS=Homo sapiens GN=LMNB1 PE=1 SV=2
p02545	HUMAN Prelamin-A/C OS=Homo sapiens GN=LMNA PE=1 SV=1	p20700	HUMAN Lamin-B1 OS=Homo sapiens GN=LMNB1 PE=1 SV=2
p46087	HUMAN Probable 28S rRNA (cytosine(4447)-C(5))-methyltransferase OS=Homo sapiens GN=NOP2 PE=1 SV=2	q9y221	HUMAN 60S ribosome subunit biogenesis protein NIP7 homolog OS=Homo sapiens GN=NIP7 PE=1 SV=1
p09874	HUMAN Poly [ADP-ribose] polymerase 1 OS=Homo sapiens GN=PARP1 PE=1 SV=4	p15822	HUMAN Zinc finger protein 40 OS=Homo sapiens GN=HIVEP1 PE=1 SV=3
q92576	HUMAN PHD finger protein 3 OS=Homo sapiens GN=PHF3 PE=1 SV=3	p17096	HUMAN High mobility group protein HMG-I/HMG-Y OS=Homo sapiens GN=HMGA1 PE=1 SV=3
q9nq66	HUMAN 1-phosphatidylinositol 4	q99623	HUMAN Prohibitin-2 OS=Homo sapiens GN=PHB2 PE=1 SV=2
q15149	HUMAN Plectin OS=Homo sapiens GN=PLEC PE=1 SV=3	q01973	HUMAN Inactive tyrosine-protein kinase transmembrane receptor ROR1 OS=Homo sapiens GN=ROR1 PE=1 SV=2
q15149	HUMAN Plectin OS=Homo sapiens GN=PLEC PE=1 SV=3	q7rtt6	HUMAN Putative protein SSX6 OS=Homo sapiens GN=SSX6 PE=5 SV=1
q15149	HUMAN Plectin OS=Homo sapiens GN=PLEC PE=1 SV=3	p05787	HUMAN Keratin
q15149	HUMAN Plectin OS=Homo sapiens GN=PLEC PE=1 SV=3	p78559	HUMAN Microtubule-associated protein 1A OS=Homo sapiens GN=MAP1A PE=1 SV=6
q15149	HUMAN Plectin OS=Homo sapiens GN=PLEC PE=1 SV=3	o15230	HUMAN Laminin subunit alpha-5 OS=Homo sapiens GN=LAMA5 PE=1 SV=8
q15149	HUMAN Plectin OS=Homo sapiens GN=PLEC PE=1 SV=3	q674x7	HUMAN Kazrin OS=Homo sapiens GN=KAZN PE=1 SV=2
q15149	HUMAN Plectin OS=Homo sapiens GN=PLEC PE=1 SV=3	q8iur0	HUMAN Trafficking protein particle complex subunit 5 OS=Homo sapiens GN=TRAPPC5 PE=1 SV=1
q15149	HUMAN Plectin OS=Homo sapiens GN=PLEC PE=1 SV=3	q8iur0	HUMAN Trafficking protein particle complex subunit 5 OS=Homo sapiens GN=TRAPPC5 PE=1 SV=1
q15149	HUMAN Plectin OS=Homo sapiens GN=PLEC PE=1 SV=3	q6kcm7	HUMAN Calcium-binding mitochondrial carrier protein SCaMC-2 OS=Homo sapiens GN=SLC25A25 PE=1 SV=1
q15149	HUMAN Plectin OS=Homo sapiens GN=PLEC PE=1 SV=3	p51178	HUMAN 1-phosphatidylinositol 4
q15149	HUMAN Plectin OS=Homo sapiens GN=PLEC PE=1 SV=3	q9y3a2	HUMAN Probable U3 small nucleolar RNA-associated protein 11 OS=Homo sapiens GN=UTP11L PE=1 SV=2
q15149	HUMAN Plectin OS=Homo sapiens GN=PLEC PE=1 SV=3	o75390	HUMAN Citrate synthase
q15149	HUMAN Plectin OS=Homo sapiens GN=PLEC PE=1 SV=3	p05783	HUMAN Keratin
q15149	HUMAN Plectin OS=Homo sapiens GN=PLEC PE=1 SV=3	q14643	HUMAN Inositol 1
q15149	HUMAN Plectin OS=Homo sapiens GN=PLEC PE=1 SV=3	p02533	HUMAN Keratin
q15149	HUMAN Plectin OS=Homo sapiens GN=PLEC PE=1 SV=3	p05783	HUMAN Keratin
q15149	HUMAN Plectin OS=Homo sapiens GN=PLEC PE=1 SV=3	p05783	HUMAN Keratin
q15149	HUMAN Plectin OS=Homo sapiens GN=PLEC PE=1 SV=3	q14146	HUMAN Unhealthy ribosome biogenesis protein 2 homolog OS=Homo sapiens GN=URB2 PE=2 SV=2
q15149	HUMAN Plectin OS=Homo sapiens GN=PLEC PE=1 SV=3	q15058	HUMAN Kinesin-like protein KIF14 OS=Homo sapiens GN=KIF14 PE=1 SV=1
q15149	HUMAN Plectin OS=Homo sapiens GN=PLEC PE=1 SV=3	p05783	HUMAN Keratin
q15149	HUMAN Plectin OS=Homo sapiens GN=PLEC PE=1 SV=3	q13535	HUMAN Serine/threonine-protein kinase ATR OS=Homo sapiens GN=ATR PE=1 SV=3
q15149	HUMAN Plectin OS=Homo sapiens GN=PLEC PE=1 SV=3	p05787	HUMAN Keratin
q15149	HUMAN Plectin OS=Homo sapiens GN=PLEC PE=1 SV=3	p05787	HUMAN Keratin
q15149	HUMAN Plectin OS=Homo sapiens GN=PLEC PE=1 SV=3	p05787	HUMAN Keratin
q9y520	HUMAN Protein PRRC2C OS=Homo sapiens GN=PRRC2C PE=1 SV=4	q86w92	HUMAN Liprin-beta-1 OS=Homo sapiens GN=PPFIBP1 PE=1 SV=2
q6p2q9	HUMAN Pre-mRNA-processing-splicing factor 8 OS=Homo sapiens GN=PRPF8 PE=1 SV=2	o94925	HUMAN Glutaminase kidney isoform
q3yec7	HUMAN Rab-like protein 6 OS=Homo sapiens GN=RABL6 PE=1 SV=2	q14839	HUMAN Chromodomain-helicase-DNA-binding protein 4 OS=Homo sapiens GN=CHD4 PE=1 SV=2
p62826	HUMAN GTP-binding nuclear protein Ran OS=Homo sapiens GN=RAN PE=1 SV=3	o75054	HUMAN Immunoglobulin superfamily member 3 OS=Homo sapiens GN=IGSF3 PE=2 SV=3
p50914	HUMAN 60S ribosomal protein L14 OS=Homo sapiens GN=RPL14 PE=1 SV=4	q86ug4	HUMAN Solute carrier organic anion transporter family member 6A1 OS=Homo sapiens GN=SLCO6A1 PE=2 SV=2
p62750	HUMAN 60S ribosomal protein L23a OS=Homo sapiens GN=RPL23A PE=1 SV=1	q09666	HUMAN Neuroblast differentiation-associated protein AHNAK OS=Homo sapiens GN=AHNAK PE=1 SV=2
p83731	HUMAN 60S ribosomal protein L24 OS=Homo sapiens GN=RPL24 PE=1 SV=1	o43824	HUMAN Putative GTP-binding protein 6 OS=Homo sapiens GN=GTPBP6 PE=2 SV=3
p62987	HUMAN Ubiquitin-60S ribosomal protein L40 OS=Homo sapiens GN=UBA52 PE=1 SV=2	o60343	HUMAN Isoform 4 of TBC1 domain family member 4 OS=Homo sapiens GN=TBC1D4
p62861	HUMAN 40S ribosomal protein S30 OS=Homo sapiens GN=FAU PE=1 SV=1	p23396	HUMAN 40S ribosomal protein S3 OS=Homo sapiens GN=RPS3 PE=1 SV=2
p82914	HUMAN 28S ribosomal protein S15	q8ix06	HUMAN Putative exonuclease GOR OS=Homo sapiens GN=REXO1L1P PE=5 SV=2
p35499	HUMAN Sodium channel protein type 4 subunit alpha OS=Homo sapiens GN=SCN4A PE=1 SV=4	q13217	HUMAN DnaJ homolog subfamily C member 3 OS=Homo sapiens GN=DNAJC3 PE=1 SV=1
p35499	HUMAN Sodium channel protein type 4 subunit alpha OS=Homo sapiens GN=SCN4A PE=1 SV=4	q13217	HUMAN DnaJ homolog subfamily C member 3 OS=Homo sapiens GN=DNAJC3 PE=1 SV=1
o43295	HUMAN SLIT-ROBO Rho GTPase-activating protein 3 OS=Homo sapiens GN=SRGAP3 PE=1 SV=3	p60903	HUMAN Protein S100-A10 OS=Homo sapiens GN=S100A10 PE=1 SV=2
o14662	HUMAN Syntaxin-16 OS=Homo sapiens GN=STX16 PE=1 SV=3	o95238	HUMAN SAM pointed domain-containing Ets transcription factor OS=Homo sapiens GN=SPDEF PE=1 SV=1
o95425	HUMAN Supervillin OS=Homo sapiens GN=SVIL PE=1 SV=2	q02878	HUMAN 60S ribosomal protein L6 OS=Homo sapiens GN=RPL6 PE=1 SV=3
q9p1p4	HUMAN Putative trace amine-associated receptor 3 OS=Homo sapiens GN=TAAR3 PE=2 SV=1	q08211	HUMAN ATP-dependent RNA helicase A OS=Homo sapiens GN=DHX9 PE=1 SV=4
q13889	HUMAN General transcription factor IIH subunit 3 OS=Homo sapiens GN=GTF2H3 PE=1 SV=2	p55145	HUMAN Mesencephalic astrocyte-derived neurotrophic factor OS=Homo sapiens GN=MANF PE=1 SV=3
q13889	HUMAN General transcription factor IIH subunit 3 OS=Homo sapiens GN=GTF2H3 PE=1 SV=2	p17096	HUMAN High mobility group protein HMG-I/HMG-Y OS=Homo sapiens GN=HMGA1 PE=1 SV=3
q8wz42	HUMAN Titin OS=Homo sapiens GN=TTN PE=1 SV=4	o76021	HUMAN Ribosomal L1 domain-containing protein 1 OS=Homo sapiens GN=RSL1D1 PE=1 SV=3
q8wz42	HUMAN Titin OS=Homo sapiens GN=TTN PE=1 SV=4	o43852	HUMAN Calumenin OS=Homo sapiens GN=CALU PE=1 SV=2
p11388	HUMAN DNA topoisomerase 2-alpha OS=Homo sapiens GN=TOP2A PE=1 SV=3	o60231	HUMAN Putative pre-mRNA-splicing factor ATP-dependent RNA helicase DHX16 OS=Homo sapiens GN=DHX16 PE=1 SV=2
p25490	HUMAN Transcriptional repressor protein YY1 OS=Homo sapiens GN=YY1 PE=1 SV=2	q9uqe7	HUMAN Structural maintenance of chromosomes protein 3 OS=Homo sapiens GN=SMC3 PE=1 SV=2
p25490	HUMAN Transcriptional repressor protein YY1 OS=Homo sapiens GN=YY1 PE=1 SV=2	q9uqe7	HUMAN Structural maintenance of chromosomes protein 3 OS=Homo sapiens GN=SMC3 PE=1 SV=2
q6zqq6	HUMAN WD repeat-containing protein 87 OS=Homo sapiens GN=WDR87 PE=1 SV=3	p11142	HUMAN Heat shock cognate 71 kDa protein OS=Homo sapiens GN=HSPA8 PE=1 SV=1
q9byn7	HUMAN Zinc finger protein 341 OS=Homo sapiens GN=ZNF341 PE=1 SV=2	p30837	HUMAN Aldehyde dehydrogenase X
