his_uniprot	his_family_his_binding_pos	bp_protein_name	bp_uniprot
p07305	H1_132	HUMAN D-glucuronyl C5-epimerase OS=Homo sapiens GN=GLCE PE=1 SV=3	o94923
p07305	H1_82	HUMAN D-glucuronyl C5-epimerase OS=Homo sapiens GN=GLCE PE=1 SV=3	o94923
p07305	H1_11	HUMAN HAUS augmin-like complex subunit 6 OS=Homo sapiens GN=HAUS6 PE=1 SV=2	q7z4h7
p07305	H1_59	HUMAN Putative heat shock 70 kDa protein 7 OS=Homo sapiens GN=HSPA7 PE=5 SV=2	p48741
p07305	H1_82	HUMAN Fibroblast growth factor-binding protein 1 OS=Homo sapiens GN=FGFBP1 PE=1 SV=1	q14512
p07305	H1_59	HUMAN Unconventional myosin-If OS=Homo sapiens GN=MYO1F PE=1 SV=3	o00160
p07305	H1_11	HUMAN Unconventional myosin-If OS=Homo sapiens GN=MYO1F PE=1 SV=3	o00160
p07305	H1_11	HUMAN Serine protease 23 OS=Homo sapiens GN=PRSS23 PE=1 SV=1	o95084
q02539	H1_201	HUMAN Something about silencing protein 10 OS=Homo sapiens GN=UTP3 PE=1 SV=1	q9nqz2
q02539	H1_78	HUMAN DNA replication licensing factor MCM5 OS=Homo sapiens GN=MCM5 PE=1 SV=5	p33992
q02539	H1_26	HUMAN Non-histone chromosomal protein HMG-17 OS=Homo sapiens GN=HMGN2 PE=1 SV=3	p05204
q02539	H1_78	HUMAN Epithelial splicing regulatory protein 2 OS=Homo sapiens GN=ESRP2 PE=1 SV=1	q9h6t0
q02539	H1_78	HUMAN Prolactin receptor OS=Homo sapiens GN=PRLR PE=1 SV=1	p16471
q02539	H1_120	HUMAN Enoyl-CoA delta isomerase 2	o75521
q02539	H1_78	HUMAN Vacuolar protein sorting-associated protein 13B OS=Homo sapiens GN=VPS13B PE=1 SV=2	q7z7g8
q02539	H1_78	HUMAN Brain-derived neurotrophic factor OS=Homo sapiens GN=BDNF PE=1 SV=1	p23560
q02539	H1_78	HUMAN KN motif and ankyrin repeat domain-containing protein 1 OS=Homo sapiens GN=KANK1 PE=1 SV=3	q14678
q02539	H1_120	HUMAN Structural maintenance of chromosomes protein 5 OS=Homo sapiens GN=SMC5 PE=1 SV=2	q8iy18
q02539	H1_120	HUMAN GAS2-like protein 3 OS=Homo sapiens GN=GAS2L3 PE=1 SV=1	q86xj1
q02539	H1_78	HUMAN Fas apoptotic inhibitory molecule 1 OS=Homo sapiens GN=FAIM PE=1 SV=1	q9nvq4
q02539	H1_113	HUMAN Zinc finger MYM-type protein 4 OS=Homo sapiens GN=ZMYM4 PE=1 SV=1	q5vzl5
q02539	H1_78	HUMAN DNA repair protein XRCC4 OS=Homo sapiens GN=XRCC4 PE=1 SV=2	q13426
q02539	H1_120	HUMAN Putative trace amine-associated receptor 3 OS=Homo sapiens GN=TAAR3 PE=2 SV=1	q9p1p4
q02539	H1_120	HUMAN Calsequestrin-2 OS=Homo sapiens GN=CASQ2 PE=1 SV=2	o14958
q02539	H1_67	HUMAN Calsequestrin-2 OS=Homo sapiens GN=CASQ2 PE=1 SV=2	o14958
q02539	H1_213	HUMAN Non-histone chromosomal protein HMG-17 OS=Homo sapiens GN=HMGN2 PE=1 SV=3	p05204
q02539	H1_120	HUMAN Epidermal growth factor-like protein 6 OS=Homo sapiens GN=EGFL6 PE=2 SV=1	q8iux8
q02539	H1_120	HUMAN Probable ATP-dependent RNA helicase DDX6 OS=Homo sapiens GN=DDX6 PE=1 SV=2	p26196
q02539	H1_66	HUMAN Serine/threonine-protein phosphatase 4 regulatory subunit 3A OS=Homo sapiens GN=PPP4R3A PE=1 SV=1	q6in85
q02539	H1_113	HUMAN Sodium channel protein type 4 subunit alpha OS=Homo sapiens GN=SCN4A PE=1 SV=4	p35499
q02539	H1_120	HUMAN Sodium channel protein type 4 subunit alpha OS=Homo sapiens GN=SCN4A PE=1 SV=4	p35499
q02539	H1_78	HUMAN 28S ribosomal protein S15	p82914
q02539	H1_88	HUMAN Cytosolic phospholipase A2 zeta OS=Homo sapiens GN=PLA2G4F PE=2 SV=3	q68dd2
q02539	H1_125	HUMAN Diacylglycerol kinase iota OS=Homo sapiens GN=DGKI PE=1 SV=1	o75912
q02539	H1_120	HUMAN Diacylglycerol kinase iota OS=Homo sapiens GN=DGKI PE=1 SV=1	o75912
q02539	H1_78	HUMAN DNA polymerase zeta catalytic subunit OS=Homo sapiens GN=REV3L PE=1 SV=2	o60673
q02539	H1_113	HUMAN Type I inositol 1	q14642
q02539	H1_78	HUMAN Zinc finger protein 536 OS=Homo sapiens GN=ZNF536 PE=1 SV=3	o15090
q02539	H1_203	HUMAN Chromodomain-helicase-DNA-binding protein 4 OS=Homo sapiens GN=CHD4 PE=1 SV=2	q14839
q02539	H1_78	HUMAN Contactin-associated protein-like 5 OS=Homo sapiens GN=CNTNAP5 PE=2 SV=1	q8wyk1
q02539	H1_29	HUMAN Oxidative stress-induced growth inhibitor 2 OS=Homo sapiens GN=OSGIN2 PE=2 SV=1	q9y236
q02539	H1_120	HUMAN 1-phosphatidylinositol 4	q9nq66
q02539	H1_78	HUMAN Neurofilament heavy polypeptide OS=Homo sapiens GN=NEFH PE=1 SV=4	p12036
q02539	H1_78	HUMAN Uncharacterized protein C22orf42 OS=Homo sapiens GN=C22orf42 PE=2 SV=1	q6ic83
p16403	H1_148	HUMAN Protein bicaudal D homolog 2 OS=Homo sapiens GN=BICD2 PE=1 SV=1	q8td16
p16403	H1_46	HUMAN Coiled-coil domain-containing protein 91 OS=Homo sapiens GN=CCDC91 PE=1 SV=2	q7z6b0
p16403	H1_46	HUMAN Regulator of G-protein signaling 11 OS=Homo sapiens GN=RGS11 PE=1 SV=2	o94810
p16403	H1_148	HUMAN PHD finger protein 3 OS=Homo sapiens GN=PHF3 PE=1 SV=3	q92576
p16403	H1_119	HUMAN EH domain-binding protein 1 OS=Homo sapiens GN=EHBP1 PE=1 SV=3	q8ndi1
p16403	H1_127	HUMAN Protein bicaudal D homolog 2 OS=Homo sapiens GN=BICD2 PE=1 SV=1	q8td16
p16403	H1_117	HUMAN Something about silencing protein 10 OS=Homo sapiens GN=UTP3 PE=1 SV=1	q9nqz2
p16403	H1_46	HUMAN Something about silencing protein 10 OS=Homo sapiens GN=UTP3 PE=1 SV=1	q9nqz2
p16403	H1_160	HUMAN Something about silencing protein 10 OS=Homo sapiens GN=UTP3 PE=1 SV=1	q9nqz2
p16403	H1_159	HUMAN Tetratricopeptide repeat protein 12 OS=Homo sapiens GN=TTC12 PE=1 SV=2	q9h892
p16403	H1_130	HUMAN Lysine-specific demethylase 6B OS=Homo sapiens GN=KDM6B PE=1 SV=4	o15054
p16403	H1_46	HUMAN Probable 28S rRNA (cytosine(4447)-C(5))-methyltransferase OS=Homo sapiens GN=NOP2 PE=1 SV=2	p46087
p16403	H1_140	HUMAN Testis-specific serine kinase substrate OS=Homo sapiens GN=TSKS PE=1 SV=3	q9ujt2
p16403	H1_168	HUMAN Testis-specific serine kinase substrate OS=Homo sapiens GN=TSKS PE=1 SV=3	q9ujt2
p16403	H1_136	HUMAN Testis-specific serine kinase substrate OS=Homo sapiens GN=TSKS PE=1 SV=3	q9ujt2
p16403	H1_191	HUMAN Testis-specific serine kinase substrate OS=Homo sapiens GN=TSKS PE=1 SV=3	q9ujt2
p16403	H1_46	HUMAN 60S ribosomal protein L24 OS=Homo sapiens GN=RPL24 PE=1 SV=1	p83731
p16403	H1_46	HUMAN Enoyl-CoA delta isomerase 2	o75521
p16403	H1_168	HUMAN Putative trace amine-associated receptor 3 OS=Homo sapiens GN=TAAR3 PE=2 SV=1	q9p1p4
p16403	H1_136	HUMAN Putative trace amine-associated receptor 3 OS=Homo sapiens GN=TAAR3 PE=2 SV=1	q9p1p4
p16403	H1_191	HUMAN Putative trace amine-associated receptor 3 OS=Homo sapiens GN=TAAR3 PE=2 SV=1	q9p1p4
p16403	H1_117	HUMAN Calsequestrin-2 OS=Homo sapiens GN=CASQ2 PE=1 SV=2	o14958
p16403	H1_119	HUMAN Calsequestrin-2 OS=Homo sapiens GN=CASQ2 PE=1 SV=2	o14958
p16403	H1_46	HUMAN Calsequestrin-2 OS=Homo sapiens GN=CASQ2 PE=1 SV=2	o14958
p16403	H1_127	HUMAN Calsequestrin-2 OS=Homo sapiens GN=CASQ2 PE=1 SV=2	o14958
p16403	H1_168	HUMAN Calsequestrin-2 OS=Homo sapiens GN=CASQ2 PE=1 SV=2	o14958
p16403	H1_130	HUMAN Guanylate-binding protein 6 OS=Homo sapiens GN=GBP6 PE=2 SV=1	q6zn66
p16403	H1_34	HUMAN Aminopeptidase O OS=Homo sapiens GN=AOPEP PE=1 SV=2	q8n6m6
p16403	H1_129	HUMAN SLIT-ROBO Rho GTPase-activating protein 3 OS=Homo sapiens GN=SRGAP3 PE=1 SV=3	o43295
p16403	H1_127	HUMAN Collagen alpha-1(XVI) chain OS=Homo sapiens GN=COL16A1 PE=1 SV=2	q07092
p16403	H1_46	HUMAN Zinc finger protein 296 OS=Homo sapiens GN=ZNF296 PE=2 SV=1	q8wuu4
p16403	H1_34	HUMAN Zinc finger protein 296 OS=Homo sapiens GN=ZNF296 PE=2 SV=1	q8wuu4
p16403	H1_168	HUMAN Proline-serine-threonine phosphatase-interacting protein 1 OS=Homo sapiens GN=PSTPIP1 PE=1 SV=1	o43586
p16403	H1_129	HUMAN Heterochromatin protein 1-binding protein 3 OS=Homo sapiens GN=HP1BP3 PE=1 SV=1	q5ssj5
p16403	H1_160	HUMAN Heterochromatin protein 1-binding protein 3 OS=Homo sapiens GN=HP1BP3 PE=1 SV=1	q5ssj5
p16403	H1_46	HUMAN Fragile X mental retardation syndrome-related protein 1 OS=Homo sapiens GN=FXR1 PE=1 SV=3	p51114
p16403	H1_46	HUMAN Nuclear pore complex protein Nup50 OS=Homo sapiens GN=NUP50 PE=1 SV=2	q9ukx7
p16403	H1_140	HUMAN Calpain-6 OS=Homo sapiens GN=CAPN6 PE=1 SV=2	q9y6q1
p16403	H1_148	HUMAN Serine/threonine-protein phosphatase 4 regulatory subunit 3A OS=Homo sapiens GN=PPP4R3A PE=1 SV=1	q6in85
p16403	H1_63	HUMAN Serine/threonine-protein phosphatase 4 regulatory subunit 3A OS=Homo sapiens GN=PPP4R3A PE=1 SV=1	q6in85
p16403	H1_46	HUMAN Basic helix-loop-helix domain-containing protein USF3 OS=Homo sapiens GN=USF3 PE=1 SV=3	q68de3
p16403	H1_159	HUMAN Solute carrier family 12 member 6 OS=Homo sapiens GN=SLC12A6 PE=1 SV=2	q9uhw9
p16403	H1_160	HUMAN Solute carrier family 12 member 6 OS=Homo sapiens GN=SLC12A6 PE=1 SV=2	q9uhw9
p16403	H1_34	HUMAN Mitogen-activated protein kinase kinase kinase kinase 5 OS=Homo sapiens GN=MAP4K5 PE=1 SV=1	q9y4k4
p16403	H1_168	HUMAN ADP-ribosylation factor GTPase-activating protein 2 OS=Homo sapiens GN=ARFGAP2 PE=1 SV=1	q8n6h7
p16403	H1_168	HUMAN DNA ligase 1 OS=Homo sapiens GN=LIG1 PE=1 SV=1	p18858
p16403	H1_140	HUMAN Unconventional myosin-IXb OS=Homo sapiens GN=MYO9B PE=1 SV=3	q13459
p16403	H1_148	HUMAN Unconventional myosin-IXb OS=Homo sapiens GN=MYO9B PE=1 SV=3	q13459
p16403	H1_140	HUMAN Unconventional myosin-IXb OS=Homo sapiens GN=MYO9B PE=1 SV=3	q13459
p16403	H1_160	HUMAN Unconventional myosin-IXb OS=Homo sapiens GN=MYO9B PE=1 SV=3	q13459
p16403	H1_191	HUMAN Unconventional myosin-IXb OS=Homo sapiens GN=MYO9B PE=1 SV=3	q13459
p16403	H1_160	HUMAN Endoplasmin OS=Homo sapiens GN=HSP90B1 PE=1 SV=1	p14625
p16403	H1_159	HUMAN Endoplasmin OS=Homo sapiens GN=HSP90B1 PE=1 SV=1	p14625
p16403	H1_129	HUMAN Tyrosine-protein kinase BAZ1B OS=Homo sapiens GN=BAZ1B PE=1 SV=2	q9uig0
p16403	H1_130	HUMAN Protein bicaudal D homolog 2 OS=Homo sapiens GN=BICD2 PE=1 SV=1	q8td16
p16403	H1_46	HUMAN Cytosolic phospholipase A2 zeta OS=Homo sapiens GN=PLA2G4F PE=2 SV=3	q68dd2
p16403	H1_46	HUMAN DNA polymerase zeta catalytic subunit OS=Homo sapiens GN=REV3L PE=1 SV=2	o60673
p16403	H1_140	HUMAN DNA polymerase zeta catalytic subunit OS=Homo sapiens GN=REV3L PE=1 SV=2	o60673
p16403	H1_130	HUMAN Titin OS=Homo sapiens GN=TTN PE=1 SV=4	q8wz42
p16403	H1_119	HUMAN Protein bicaudal D homolog 2 OS=Homo sapiens GN=BICD2 PE=1 SV=1	q8td16
p16403	H1_46	HUMAN Protein bicaudal D homolog 2 OS=Homo sapiens GN=BICD2 PE=1 SV=1	q8td16
p16403	H1_191	HUMAN Protein bicaudal D homolog 2 OS=Homo sapiens GN=BICD2 PE=1 SV=1	q8td16
p16403	H1_34	HUMAN Septin-1 OS=Homo sapiens GN=SEPT1 PE=1 SV=2	q8wyj6
p16403	H1_168	HUMAN Ankyrin-2 OS=Homo sapiens GN=ANK2 PE=1 SV=4	q01484
p16403	H1_140	HUMAN SLIT and NTRK-like protein 3 OS=Homo sapiens GN=SLITRK3 PE=2 SV=2	o94933
p16403	H1_46	HUMAN Neuroendocrine convertase 1 OS=Homo sapiens GN=PCSK1 PE=1 SV=2	p29120
p16403	H1_46	HUMAN Neuroendocrine convertase 1 OS=Homo sapiens GN=PCSK1 PE=1 SV=2	p29120
p16403	H1_127	HUMAN PDZ domain-containing protein 8 OS=Homo sapiens GN=PDZD8 PE=1 SV=1	q8nen9
p16403	H1_46	HUMAN PDZ domain-containing protein 8 OS=Homo sapiens GN=PDZD8 PE=1 SV=1	q8nen9
p16403	H1_130	HUMAN PDZ domain-containing protein 8 OS=Homo sapiens GN=PDZD8 PE=1 SV=1	q8nen9
p16403	H1_191	HUMAN PDZ domain-containing protein 8 OS=Homo sapiens GN=PDZD8 PE=1 SV=1	q8nen9
p16403	H1_46	HUMAN EF-hand calcium-binding domain-containing protein 12 OS=Homo sapiens GN=EFCAB12 PE=1 SV=1	q6nxp0
p16403	H1_130	HUMAN General transcription factor IIF subunit 1 OS=Homo sapiens GN=GTF2F1 PE=1 SV=2	p35269
p16402	H1_194	HUMAN High mobility group protein HMG-I/HMG-Y OS=Homo sapiens GN=HMGA1 PE=1 SV=3	p17096
p16402	H1_194	HUMAN Retinal cone rhodopsin-sensitive cGMP 3'	q13956
p10412	H1_148	HUMAN Something about silencing protein 10 OS=Homo sapiens GN=UTP3 PE=1 SV=1	q9nqz2
p10412	H1_140	HUMAN Isoform 2 of Zinc finger protein 341 OS=Homo sapiens GN=ZNF341	q9byn7
p10412	H1_177	HUMAN Protein bicaudal D homolog 2 OS=Homo sapiens GN=BICD2 PE=1 SV=1	q8td16
p10412	H1_159	HUMAN Testis-specific serine kinase substrate OS=Homo sapiens GN=TSKS PE=1 SV=3	q9ujt2
p10412	H1_148	HUMAN Testis-specific serine kinase substrate OS=Homo sapiens GN=TSKS PE=1 SV=3	q9ujt2
p10412	H1_148	HUMAN Helicase ARIP4 OS=Homo sapiens GN=RAD54L2 PE=1 SV=4	q9y4b4
p10412	H1_140	HUMAN Putative trace amine-associated receptor 3 OS=Homo sapiens GN=TAAR3 PE=2 SV=1	q9p1p4
p10412	H1_160	HUMAN Putative trace amine-associated receptor 3 OS=Homo sapiens GN=TAAR3 PE=2 SV=1	q9p1p4
p10412	H1_148	HUMAN Collagen alpha-1(XXIII) chain OS=Homo sapiens GN=COL23A1 PE=1 SV=1	q86y22
p10412	H1_137	HUMAN PML-RARA-regulated adapter molecule 1 OS=Homo sapiens GN=PRAM1 PE=1 SV=2	q96qh2
p10412	H1_159	HUMAN 60S ribosomal protein L14 OS=Homo sapiens GN=RPL14 PE=1 SV=4	p50914
p10412	H1_148	HUMAN 60S ribosomal protein L14 OS=Homo sapiens GN=RPL14 PE=1 SV=4	p50914
p10412	H1_140	HUMAN Heterochromatin protein 1-binding protein 3 OS=Homo sapiens GN=HP1BP3 PE=1 SV=1	q5ssj5
p10412	H1_160	HUMAN WD repeat-containing protein 87 OS=Homo sapiens GN=WDR87 PE=1 SV=3	q6zqq6
p10412	H1_140	HUMAN Cilia- and flagella-associated protein 46 OS=Homo sapiens GN=CFAP46 PE=2 SV=3	q8iyw2
p10412	H1_129	HUMAN Transcription elongation factor A N-terminal and central domain-containing protein 2 OS=Homo sapiens GN=TCEANC2 PE=1 SV=1	q96mn5
p10412	H1_160	HUMAN ADP-ribosylation factor GTPase-activating protein 2 OS=Homo sapiens GN=ARFGAP2 PE=1 SV=1	q8n6h7
p10412	H1_159	HUMAN Tyrosine-protein kinase BAZ1B OS=Homo sapiens GN=BAZ1B PE=1 SV=2	q9uig0
p10412	H1_26	HUMAN Non-histone chromosomal protein HMG-17 OS=Homo sapiens GN=HMGN2 PE=1 SV=3	p05204
p10412	H1_160	HUMAN Type I inositol 1	q14642
p10412	H1_160	HUMAN Rab-like protein 6 OS=Homo sapiens GN=RABL6 PE=1 SV=2	q3yec7
p10412	H1_140	HUMAN Fidgetin-like protein 1 OS=Homo sapiens GN=FIGNL1 PE=1 SV=2	q6piw4
p10412	H1_140	HUMAN Protein bicaudal D homolog 2 OS=Homo sapiens GN=BICD2 PE=1 SV=1	q8td16
p10412	H1_168	HUMAN Protein bicaudal D homolog 2 OS=Homo sapiens GN=BICD2 PE=1 SV=1	q8td16
p10412	H1_160	HUMAN PDZ domain-containing protein 8 OS=Homo sapiens GN=PDZD8 PE=1 SV=1	q8nen9
p10412	H1_21	HUMAN Non-histone chromosomal protein HMG-17 OS=Homo sapiens GN=HMGN2 PE=1 SV=3	p05204
p16401	H1_149	HUMAN Elongation factor 1-alpha 1 OS=Homo sapiens GN=EEF1A1 PE=1 SV=1	p68104
p16401	H1_217	HUMAN CAAX prenyl protease 1 homolog OS=Homo sapiens GN=ZMPSTE24 PE=1 SV=2	o75844
p16401	H1_120	HUMAN PHD finger protein 3 OS=Homo sapiens GN=PHF3 PE=1 SV=3	q92576
p16401	H1_120	HUMAN EH domain-binding protein 1 OS=Homo sapiens GN=EHBP1 PE=1 SV=3	q8ndi1
p16401	H1_130	HUMAN Prelamin-A/C OS=Homo sapiens GN=LMNA PE=1 SV=1	p02545
p16401	H1_120	HUMAN Something about silencing protein 10 OS=Homo sapiens GN=UTP3 PE=1 SV=1	q9nqz2
p16401	H1_93	HUMAN Something about silencing protein 10 OS=Homo sapiens GN=UTP3 PE=1 SV=1	q9nqz2
p16401	H1_120	HUMAN Isoform 2 of Hypoxia up-regulated protein 1 OS=Homo sapiens GN=HYOU1	q9y4l1
p16401	H1_120	HUMAN G-protein coupled receptor-associated sorting protein 1 OS=Homo sapiens GN=GPRASP1 PE=1 SV=3	q5jy77
p16401	H1_109	HUMAN Zinc finger and SCAN domain-containing protein 5B OS=Homo sapiens GN=ZSCAN5B PE=3 SV=1	a6njl1
p16401	H1_120	HUMAN Probable 28S rRNA (cytosine(4447)-C(5))-methyltransferase OS=Homo sapiens GN=NOP2 PE=1 SV=2	p46087
p16401	H1_100	HUMAN Probable 28S rRNA (cytosine(4447)-C(5))-methyltransferase OS=Homo sapiens GN=NOP2 PE=1 SV=2	p46087
p16401	H1_199	HUMAN Testis-specific serine kinase substrate OS=Homo sapiens GN=TSKS PE=1 SV=3	q9ujt2
p16401	H1_109	HUMAN Structural maintenance of chromosomes protein 5 OS=Homo sapiens GN=SMC5 PE=1 SV=2	q8iy18
p16401	H1_120	HUMAN Helicase ARIP4 OS=Homo sapiens GN=RAD54L2 PE=1 SV=4	q9y4b4
p16401	H1_55	HUMAN Kinesin-like protein KIF2B OS=Homo sapiens GN=KIF2B PE=1 SV=3	q8n4n8
p16401	H1_93	HUMAN DBF4-type zinc finger-containing protein 2 OS=Homo sapiens GN=ZDBF2 PE=1 SV=3	q9hck1
p16401	H1_120	HUMAN Putative trace amine-associated receptor 3 OS=Homo sapiens GN=TAAR3 PE=2 SV=1	q9p1p4
p16401	H1_113	HUMAN Putative trace amine-associated receptor 3 OS=Homo sapiens GN=TAAR3 PE=2 SV=1	q9p1p4
p16401	H1_93	HUMAN Putative trace amine-associated receptor 3 OS=Homo sapiens GN=TAAR3 PE=2 SV=1	q9p1p4
p16401	H1_199	HUMAN Testis-specific serine kinase substrate OS=Homo sapiens GN=TSKS PE=1 SV=3	q9ujt2
p16401	H1_109	HUMAN Alpha-mannosidase 2x OS=Homo sapiens GN=MAN2A2 PE=2 SV=3	p49641
p16401	H1_120	HUMAN Calsequestrin-2 OS=Homo sapiens GN=CASQ2 PE=1 SV=2	o14958
p16401	H1_93	HUMAN Calsequestrin-2 OS=Homo sapiens GN=CASQ2 PE=1 SV=2	o14958
p16401	H1_122	HUMAN Guanylate-binding protein 6 OS=Homo sapiens GN=GBP6 PE=2 SV=1	q6zn66
p16401	H1_113	HUMAN Beta-adrenergic receptor kinase 2 OS=Homo sapiens GN=ADRBK2 PE=1 SV=2	p35626
p16401	H1_93	HUMAN DBF4-type zinc finger-containing protein 2 OS=Homo sapiens GN=ZDBF2 PE=1 SV=3	q9hck1
p16401	H1_120	HUMAN Non-histone chromosomal protein HMG-17 OS=Homo sapiens GN=HMGN2 PE=1 SV=3	p05204
p16401	H1_113	HUMAN High mobility group protein HMG-I/HMG-Y OS=Homo sapiens GN=HMGA1 PE=1 SV=3	p17096
p16401	H1_109	HUMAN Putative ATP-dependent RNA helicase DHX30 OS=Homo sapiens GN=DHX30 PE=1 SV=1	q7l2e3
p16401	H1_199	HUMAN Heterochromatin protein 1-binding protein 3 OS=Homo sapiens GN=HP1BP3 PE=1 SV=1	q5ssj5
p16401	H1_100	HUMAN Serine/threonine-protein phosphatase 4 regulatory subunit 3A OS=Homo sapiens GN=PPP4R3A PE=1 SV=1	q6in85
p16401	H1_120	HUMAN Homeobox protein CDX-2 OS=Homo sapiens GN=CDX2 PE=2 SV=3	q99626
p16401	H1_55	HUMAN Homeobox protein CDX-2 OS=Homo sapiens GN=CDX2 PE=2 SV=3	q99626
p16401	H1_120	HUMAN Sodium channel protein type 4 subunit alpha OS=Homo sapiens GN=SCN4A PE=1 SV=4	p35499
p16401	H1_120	HUMAN Unconventional myosin-IXb OS=Homo sapiens GN=MYO9B PE=1 SV=3	q13459
p16401	H1_120	HUMAN Unconventional myosin-IXb OS=Homo sapiens GN=MYO9B PE=1 SV=3	q13459
p16401	H1_113	HUMAN Unconventional myosin-IXb OS=Homo sapiens GN=MYO9B PE=1 SV=3	q13459
p16401	H1_93	HUMAN Unconventional myosin-IXb OS=Homo sapiens GN=MYO9B PE=1 SV=3	q13459
p16401	H1_93	HUMAN Endoplasmin OS=Homo sapiens GN=HSP90B1 PE=1 SV=1	p14625
p16401	H1_55	HUMAN Cytosolic phospholipase A2 zeta OS=Homo sapiens GN=PLA2G4F PE=2 SV=3	q68dd2
p16401	H1_93	HUMAN Eukaryotic translation initiation factor 2-alpha kinase 1 OS=Homo sapiens GN=EIF2AK1 PE=1 SV=2	q9bqi3
p16401	H1_93	HUMAN Microspherule protein 1 OS=Homo sapiens GN=MCRS1 PE=1 SV=1	q96ez8
p16401	H1_93	HUMAN DNA polymerase zeta catalytic subunit OS=Homo sapiens GN=REV3L PE=1 SV=2	o60673
p16401	H1_109	HUMAN Coiled-coil domain-containing protein 116 OS=Homo sapiens GN=CCDC116 PE=1 SV=2	q8iyx3
p16401	H1_120	HUMAN Protein bicaudal D homolog 2 OS=Homo sapiens GN=BICD2 PE=1 SV=1	q8td16
p16401	H1_122	HUMAN Protein bicaudal D homolog 2 OS=Homo sapiens GN=BICD2 PE=1 SV=1	q8td16
p16401	H1_199	HUMAN Protein bicaudal D homolog 2 OS=Homo sapiens GN=BICD2 PE=1 SV=1	q8td16
p16401	H1_109	HUMAN Protein bicaudal D homolog 2 OS=Homo sapiens GN=BICD2 PE=1 SV=1	q8td16
p16401	H1_100	HUMAN Protein bicaudal D homolog 2 OS=Homo sapiens GN=BICD2 PE=1 SV=1	q8td16
p16401	H1_93	HUMAN Supervillin OS=Homo sapiens GN=SVIL PE=1 SV=2	o95425
p16401	H1_93	HUMAN Zinc finger protein 536 OS=Homo sapiens GN=ZNF536 PE=1 SV=3	o15090
p16401	H1_113	HUMAN High mobility group protein HMG-I/HMG-Y OS=Homo sapiens GN=HMGA1 PE=1 SV=3	p17096
p16401	H1_109	HUMAN Protein AF-10 OS=Homo sapiens GN=MLLT10 PE=1 SV=2	p55197
p16401	H1_109	HUMAN Protein AF-10 OS=Homo sapiens GN=MLLT10 PE=1 SV=2	p55197
p16401	H1_120	HUMAN Zinc finger protein 341 OS=Homo sapiens GN=ZNF341 PE=1 SV=2	q9byn7
p16401	H1_109	HUMAN Septin-1 OS=Homo sapiens GN=SEPT1 PE=1 SV=2	q8wyj6
p16401	H1_100	HUMAN Septin-1 OS=Homo sapiens GN=SEPT1 PE=1 SV=2	q8wyj6
p16401	H1_109	HUMAN AF4/FMR2 family member 4 OS=Homo sapiens GN=AFF4 PE=1 SV=1	q9uhb7
p16401	H1_109	HUMAN PDZ domain-containing protein 8 OS=Homo sapiens GN=PDZD8 PE=1 SV=1	q8nen9
p16401	H1_100	HUMAN PDZ domain-containing protein 8 OS=Homo sapiens GN=PDZD8 PE=1 SV=1	q8nen9
p16401	H1_93	HUMAN PDZ domain-containing protein 8 OS=Homo sapiens GN=PDZD8 PE=1 SV=1	q8nen9
p16401	H1_93	HUMAN GTP-binding nuclear protein Ran OS=Homo sapiens GN=RAN PE=1 SV=3	p62826
p16401	H1_93	HUMAN Microspherule protein 1 OS=Homo sapiens GN=MCRS1 PE=1 SV=1	q96ez8
p16401	H1_109	HUMAN Isoform 2 of WD repeat-containing protein 87 OS=Homo sapiens GN=WDR87	q6zqq6
q8iza3	H1_285	HUMAN 60S ribosomal protein L22 OS=Homo sapiens GN=RPL22 PE=1 SV=2	p35268
p04908	H2A_6	HUMAN Non-histone chromosomal protein HMG-17 OS=Homo sapiens GN=HMGN2 PE=1 SV=3	p05204
p04908	H2A_6	HUMAN Non-histone chromosomal protein HMG-17 OS=Homo sapiens GN=HMGN2 PE=1 SV=3	p05204
p04908	H2A_6	HUMAN Prelamin-A/C OS=Homo sapiens GN=LMNA PE=1 SV=1	p02545
p04908	H2A_6	HUMAN Regulator of chromosome condensation OS=Homo sapiens GN=RCC1 PE=1 SV=1	p18754
p04908	H2A_6	HUMAN Ubiquitin-60S ribosomal protein L40 OS=Homo sapiens GN=UBA52 PE=1 SV=2	p62987
p04908	H2A_6	HUMAN High mobility group protein HMG-I/HMG-Y OS=Homo sapiens GN=HMGA1 PE=1 SV=3	p17096
p04908	H2A_6	HUMAN High mobility group protein HMG-I/HMG-Y OS=Homo sapiens GN=HMGA1 PE=1 SV=3	p17096
p04908	H2A_6	HUMAN Non-histone chromosomal protein HMG-17 OS=Homo sapiens GN=HMGN2 PE=1 SV=3	p05204
p04908	H2A_6	HUMAN Prelamin-A/C OS=Homo sapiens GN=LMNA PE=1 SV=1	p02545
p04908	H2A_6	HUMAN High mobility group protein HMG-I/HMG-Y OS=Homo sapiens GN=HMGA1 PE=1 SV=3	p17096
p04908	H2A_6	HUMAN Prelamin-A/C OS=Homo sapiens GN=LMNA PE=1 SV=1	p02545
p04908	H2A_126	HUMAN High mobility group protein HMG-I/HMG-Y OS=Homo sapiens GN=HMGA1 PE=1 SV=3	p17096
p04908	H2A_126	HUMAN High mobility group protein HMG-I/HMG-Y OS=Homo sapiens GN=HMGA1 PE=1 SV=3	p17096
p04908	H2A_120	HUMAN Non-histone chromosomal protein HMG-17 OS=Homo sapiens GN=HMGN2 PE=1 SV=3	p05204
p04908	H2A_120	HUMAN Non-histone chromosomal protein HMG-17 OS=Homo sapiens GN=HMGN2 PE=1 SV=3	p05204
p04908	H2A_120	HUMAN Non-histone chromosomal protein HMG-14 OS=Homo sapiens GN=HMGN1 PE=1 SV=3	p05114
p04908	H2A_126	HUMAN Heterochromatin protein 1-binding protein 3 OS=Homo sapiens GN=HP1BP3 PE=1 SV=1	q5ssj5
p04908	H2A_10	HUMAN High mobility group protein HMG-I/HMG-Y OS=Homo sapiens GN=HMGA1 PE=1 SV=3	p17096
p04908	H2A_10	HUMAN High mobility group protein HMG-I/HMG-Y OS=Homo sapiens GN=HMGA1 PE=1 SV=3	p17096
q96kk5	H2A_126	HUMAN Non-histone chromosomal protein HMG-17 OS=Homo sapiens GN=HMGN2 PE=1 SV=3	p05204
q96kk5	H2A_126	HUMAN Elongation factor 1-alpha 1 OS=Homo sapiens GN=EEF1A1 PE=1 SV=1	p68104
q96kk5	H2A_126	HUMAN Non-histone chromosomal protein HMG-17 OS=Homo sapiens GN=HMGN2 PE=1 SV=3	p05204
q96kk5	H2A_126	HUMAN Non-histone chromosomal protein HMG-17 OS=Homo sapiens GN=HMGN2 PE=1 SV=3	p05204
q96kk5	H2A_120	HUMAN Non-histone chromosomal protein HMG-17 OS=Homo sapiens GN=HMGN2 PE=1 SV=3	p05204
q96kk5	H2A_126	HUMAN Non-histone chromosomal protein HMG-17 OS=Homo sapiens GN=HMGN2 PE=1 SV=3	p05204
q99878	H2A_37	HUMAN Junctophilin-2 OS=Homo sapiens GN=JPH2 PE=1 SV=2	q9br39
q8iue6	H2A_125	HUMAN Supervillin OS=Homo sapiens GN=SVIL PE=1 SV=2	o95425
q8iue6	H2A_128	HUMAN High mobility group protein HMG-I/HMG-Y OS=Homo sapiens GN=HMGA1 PE=1 SV=3	p17096
p0c0s5	H2A_116	HUMAN 40S ribosomal protein S30 OS=Homo sapiens GN=FAU PE=1 SV=1	p62861
p0c0s5	H2A_116	HUMAN ATP-binding cassette sub-family F member 1 OS=Homo sapiens GN=ABCF1 PE=1 SV=2	q8ne71
p0c0s5	H2A_116	HUMAN AF4/FMR2 family member 4 OS=Homo sapiens GN=AFF4 PE=1 SV=1	q9uhb7
p58876	H2B_5	HUMAN E3 UFM1-protein ligase 1 OS=Homo sapiens GN=UFL1 PE=1 SV=2	o94874
p58876	H2B_5	HUMAN Junctophilin-2 OS=Homo sapiens GN=JPH2 PE=1 SV=2	q9br39
p58876	H2B_5	HUMAN RE1-silencing transcription factor OS=Homo sapiens GN=REST PE=1 SV=3	q13127
p58876	H2B_5	HUMAN Programmed cell death protein 4 OS=Homo sapiens GN=PDCD4 PE=1 SV=2	q53el6
p58876	H2B_5	HUMAN Coiled-coil and C2 domain-containing protein 1B OS=Homo sapiens GN=CC2D1B PE=1 SV=1	q5t0f9
p58876	H2B_5	HUMAN Basic helix-loop-helix domain-containing protein USF3 OS=Homo sapiens GN=USF3 PE=1 SV=3	q68de3
p58876	H2B_5	HUMAN Nuclear pore complex protein Nup50 OS=Homo sapiens GN=NUP50 PE=1 SV=2	q9ukx7
p58876	H2B_5	HUMAN Major vault protein OS=Homo sapiens GN=MVP PE=1 SV=4	q14764
p58876	H2B_5	HUMAN Supervillin OS=Homo sapiens GN=SVIL PE=1 SV=2	o95425
q93079	H2B_121	HUMAN Non-histone chromosomal protein HMG-17 OS=Homo sapiens GN=HMGN2 PE=1 SV=3	p05204
q93079	H2B_117	HUMAN Non-histone chromosomal protein HMG-17 OS=Homo sapiens GN=HMGN2 PE=1 SV=3	p05204
q93079	H2B_109	HUMAN Something about silencing protein 10 OS=Homo sapiens GN=UTP3 PE=1 SV=1	q9nqz2
q93079	H2B_109	HUMAN Probable 28S rRNA (cytosine(4447)-C(5))-methyltransferase OS=Homo sapiens GN=NOP2 PE=1 SV=2	p46087
q93079	H2B_109	HUMAN DNA topoisomerase 2-alpha OS=Homo sapiens GN=TOP2A PE=1 SV=3	p11388
q93079	H2B_117	HUMAN 60S ribosomal protein L23a OS=Homo sapiens GN=RPL23A PE=1 SV=1	p62750
q93079	H2B_121	HUMAN Fas apoptotic inhibitory molecule 1 OS=Homo sapiens GN=FAIM PE=1 SV=1	q9nvq4
q93079	H2B_121	HUMAN Transmembrane protein 196 OS=Homo sapiens GN=TMEM196 PE=2 SV=2	q5hyl7
q93079	H2B_121	HUMAN High mobility group protein HMG-I/HMG-Y OS=Homo sapiens GN=HMGA1 PE=1 SV=3	p17096
q93079	H2B_121	HUMAN Ubiquitin-60S ribosomal protein L40 OS=Homo sapiens GN=UBA52 PE=1 SV=2	p62987
q93079	H2B_121	HUMAN High mobility group nucleosome-binding domain-containing protein 3 OS=Homo sapiens GN=HMGN3 PE=1 SV=2	q15651
q93079	H2B_121	HUMAN Non-histone chromosomal protein HMG-17 OS=Homo sapiens GN=HMGN2 PE=1 SV=3	p05204
q93079	H2B_121	HUMAN High mobility group protein HMG-I/HMG-Y OS=Homo sapiens GN=HMGA1 PE=1 SV=3	p17096
q93079	H2B_121	HUMAN Non-histone chromosomal protein HMG-17 OS=Homo sapiens GN=HMGN2 PE=1 SV=3	p05204
q93079	H2B_121	HUMAN Non-histone chromosomal protein HMG-14 OS=Homo sapiens GN=HMGN1 PE=1 SV=3	p05114
q93079	H2B_121	HUMAN High mobility group nucleosome-binding domain-containing protein 3 OS=Homo sapiens GN=HMGN3 PE=1 SV=2	q15651
q93079	H2B_35	HUMAN Isoform 3 of RNA-binding protein 5 OS=Homo sapiens GN=RBM5	p52756
q93079	H2B_121	HUMAN High mobility group protein HMG-I/HMG-Y OS=Homo sapiens GN=HMGA1 PE=1 SV=3	p17096
q93079	H2B_109	HUMAN High mobility group protein HMG-I/HMG-Y OS=Homo sapiens GN=HMGA1 PE=1 SV=3	p17096
q93079	H2B_121	HUMAN Uncharacterized protein KIAA1107 OS=Homo sapiens GN=KIAA1107 PE=1 SV=2	q9upp5
q93079	H2B_109	HUMAN piRNA biogenesis protein EXD1 OS=Homo sapiens GN=EXD1 PE=1 SV=4	q8nhp7
q93079	H2B_121	HUMAN Non-histone chromosomal protein HMG-14 OS=Homo sapiens GN=HMGN1 PE=1 SV=3	p05114
q93079	H2B_117	HUMAN Non-histone chromosomal protein HMG-14 OS=Homo sapiens GN=HMGN1 PE=1 SV=3	p05114
q93079	H2B_109	HUMAN Serine/threonine-protein kinase MRCK beta OS=Homo sapiens GN=CDC42BPB PE=1 SV=2	q9y5s2
q93079	H2B_109	HUMAN Serine/threonine-protein kinase MRCK beta OS=Homo sapiens GN=CDC42BPB PE=1 SV=2	q9y5s2
q93079	H2B_117	HUMAN Isoform 2 of Cilia- and flagella-associated protein 44 OS=Homo sapiens GN=CFAP44	q96mt7
q93079	H2B_117	HUMAN Dynein heavy chain 10	q8ivf4
q93079	H2B_35	HUMAN Leucine-rich repeat and calponin homology domain-containing protein 2 OS=Homo sapiens GN=LRCH2 PE=2 SV=2	q5vuj6
q93079	H2B_109	HUMAN Putative heat shock 70 kDa protein 7 OS=Homo sapiens GN=HSPA7 PE=5 SV=2	p48741
q93079	H2B_109	HUMAN Putative trace amine-associated receptor 3 OS=Homo sapiens GN=TAAR3 PE=2 SV=1	q9p1p4
q93079	H2B_109	HUMAN Non-histone chromosomal protein HMG-17 OS=Homo sapiens GN=HMGN2 PE=1 SV=3	p05204
q93079	H2B_109	HUMAN Poly [ADP-ribose] polymerase 1 OS=Homo sapiens GN=PARP1 PE=1 SV=4	p09874
q93079	H2B_35	HUMAN A disintegrin and metalloproteinase with thrombospondin motifs 19 OS=Homo sapiens GN=ADAMTS19 PE=2 SV=2	q8te59
q93079	H2B_121	HUMAN Junctophilin-2 OS=Homo sapiens GN=JPH2 PE=1 SV=2	q9br39
q93079	H2B_109	HUMAN DNA (cytosine-5)-methyltransferase 1 OS=Homo sapiens GN=DNMT1 PE=1 SV=2	p26358
q93079	H2B_121	HUMAN High mobility group protein HMG-I/HMG-Y OS=Homo sapiens GN=HMGA1 PE=1 SV=3	p17096
q93079	H2B_109	HUMAN Calsequestrin-2 OS=Homo sapiens GN=CASQ2 PE=1 SV=2	o14958
q93079	H2B_117	HUMAN High mobility group protein HMG-I/HMG-Y OS=Homo sapiens GN=HMGA1 PE=1 SV=3	p17096
q93079	H2B_117	HUMAN Non-histone chromosomal protein HMG-17 OS=Homo sapiens GN=HMGN2 PE=1 SV=3	p05204
q93079	H2B_109	HUMAN Diacylglycerol kinase kappa OS=Homo sapiens GN=DGKK PE=1 SV=1	q5ksl6
q93079	H2B_109	HUMAN Zinc finger protein 469 OS=Homo sapiens GN=ZNF469 PE=2 SV=3	q96jg9
q93079	H2B_109	HUMAN 60S ribosomal protein L14 OS=Homo sapiens GN=RPL14 PE=1 SV=4	p50914
q93079	H2B_109	HUMAN Isoform 3 of Forkhead-associated domain-containing protein 1 OS=Homo sapiens GN=FHAD1	b1ajz9
q93079	H2B_121	HUMAN Junctional sarcoplasmic reticulum protein 1 OS=Homo sapiens GN=JSRP1 PE=1 SV=1	q96mg2
q93079	H2B_35	HUMAN NACHT	p59046
q93079	H2B_121	HUMAN Programmed cell death protein 4 OS=Homo sapiens GN=PDCD4 PE=1 SV=2	q53el6
q93079	H2B_117	HUMAN Programmed cell death protein 4 OS=Homo sapiens GN=PDCD4 PE=1 SV=2	q53el6
q93079	H2B_109	HUMAN Cytochrome c oxidase subunit 4 isoform 2	q96kj9
q93079	H2B_109	HUMAN Transcriptional repressor protein YY1 OS=Homo sapiens GN=YY1 PE=1 SV=2	p25490
q93079	H2B_109	HUMAN Coiled-coil and C2 domain-containing protein 1B OS=Homo sapiens GN=CC2D1B PE=1 SV=1	q5t0f9
q93079	H2B_117	HUMAN Basic helix-loop-helix domain-containing protein USF3 OS=Homo sapiens GN=USF3 PE=1 SV=3	q68de3
q93079	H2B_109	HUMAN Basic helix-loop-helix domain-containing protein USF3 OS=Homo sapiens GN=USF3 PE=1 SV=3	q68de3
q93079	H2B_109	HUMAN Dolichyldiphosphatase 1 OS=Homo sapiens GN=DOLPP1 PE=2 SV=1	q86yn1
q93079	H2B_109	HUMAN Tyrosine-protein kinase BAZ1B OS=Homo sapiens GN=BAZ1B PE=1 SV=2	q9uig0
q93079	H2B_109	HUMAN Heparanase OS=Homo sapiens GN=HPSE PE=1 SV=2	q9y251
q93079	H2B_109	HUMAN Myosin-2 OS=Homo sapiens GN=MYH2 PE=1 SV=1	q9ukx2
q93079	H2B_109	HUMAN DBIRD complex subunit ZNF326 OS=Homo sapiens GN=ZNF326 PE=1 SV=2	q5bkz1
q93079	H2B_109	HUMAN Endoplasmin OS=Homo sapiens GN=HSP90B1 PE=1 SV=1	p14625
q93079	H2B_109	HUMAN HIRA-interacting protein 3 OS=Homo sapiens GN=HIRIP3 PE=1 SV=3	q9bw71
q93079	H2B_109	HUMAN Isoform HMG-Y of High mobility group protein HMG-I/HMG-Y OS=Homo sapiens GN=HMGA1	p17096
q93079	H2B_121	HUMAN Cytosolic phospholipase A2 zeta OS=Homo sapiens GN=PLA2G4F PE=2 SV=3	q68dd2
q93079	H2B_117	HUMAN Titin OS=Homo sapiens GN=TTN PE=1 SV=4	q8wz42
q93079	H2B_47	HUMAN Extracellular sulfatase Sulf-2 OS=Homo sapiens GN=SULF2 PE=1 SV=1	q8iwu5
q93079	H2B_109	HUMAN Nuclear pore complex protein Nup98-Nup96 OS=Homo sapiens GN=NUP98 PE=1 SV=4	p52948
q93079	H2B_109	HUMAN Nuclear pore complex protein Nup50 OS=Homo sapiens GN=NUP50 PE=1 SV=2	q9ukx7
q93079	H2B_109	HUMAN Chromodomain-helicase-DNA-binding protein 4 OS=Homo sapiens GN=CHD4 PE=1 SV=2	q14839
q93079	H2B_121	HUMAN Spondin-2 OS=Homo sapiens GN=SPON2 PE=1 SV=3	q9bud6
q93079	H2B_109	HUMAN Hepatoma-derived growth factor-related protein 2 OS=Homo sapiens GN=HDGFRP2 PE=1 SV=1	q7z4v5
q93079	H2B_109	HUMAN Ubiquitin-60S ribosomal protein L40 OS=Homo sapiens GN=UBA52 PE=1 SV=2	p62987
q93079	H2B_121	HUMAN General transcription factor IIH subunit 3 OS=Homo sapiens GN=GTF2H3 PE=1 SV=2	q13889
q93079	H2B_109	HUMAN Epidermal growth factor-like protein 6 OS=Homo sapiens GN=EGFL6 PE=2 SV=1	q8iux8
q93079	H2B_109	HUMAN Protein bicaudal D homolog 2 OS=Homo sapiens GN=BICD2 PE=1 SV=1	q8td16
q93079	H2B_109	HUMAN Carnitine O-acetyltransferase OS=Homo sapiens GN=CRAT PE=1 SV=5	p43155
q93079	H2B_109	HUMAN Non-histone chromosomal protein HMG-17 OS=Homo sapiens GN=HMGN2 PE=1 SV=3	p05204
q93079	H2B_109	HUMAN Non-histone chromosomal protein HMG-17 OS=Homo sapiens GN=HMGN2 PE=1 SV=3	p05204
q93079	H2B_109	HUMAN High mobility group nucleosome-binding domain-containing protein 3 OS=Homo sapiens GN=HMGN3 PE=1 SV=2	q15651
q93079	H2B_109	HUMAN Non-histone chromosomal protein HMG-14 OS=Homo sapiens GN=HMGN1 PE=1 SV=3	p05114
q93079	H2B_109	HUMAN Poly [ADP-ribose] polymerase 1 OS=Homo sapiens GN=PARP1 PE=1 SV=4	p09874
q93079	H2B_109	HUMAN Ubiquitin-60S ribosomal protein L40 OS=Homo sapiens GN=UBA52 PE=1 SV=2	p62987
q93079	H2B_47	HUMAN Isoform 2 of Spermatogenesis-associated serine-rich protein 1 OS=Homo sapiens GN=SPATS1	q496a3
q93079	H2B_109	HUMAN Telomeric repeat-binding factor 2 OS=Homo sapiens GN=TERF2 PE=1 SV=3	q15554
q93079	H2B_121	HUMAN Major vault protein OS=Homo sapiens GN=MVP PE=1 SV=4	q14764
q93079	H2B_109	HUMAN Putative uncharacterized protein CXorf58 OS=Homo sapiens GN=CXorf58 PE=2 SV=2	q96li9
q93079	H2B_47	HUMAN DnaJ homolog subfamily C member 21 OS=Homo sapiens GN=DNAJC21 PE=1 SV=2	q5f1r6
q93079	H2B_109	HUMAN Short transient receptor potential channel 1 OS=Homo sapiens GN=TRPC1 PE=1 SV=1	p48995
q93079	H2B_109	HUMAN Titin OS=Homo sapiens GN=TTN PE=1 SV=4	q8wz42
q93079	H2B_109	HUMAN ATP-binding cassette sub-family F member 1 OS=Homo sapiens GN=ABCF1 PE=1 SV=2	q8ne71
q93079	H2B_109	HUMAN ATP-binding cassette sub-family F member 1 OS=Homo sapiens GN=ABCF1 PE=1 SV=2	q8ne71
q93079	H2B_117	HUMAN Septin-1 OS=Homo sapiens GN=SEPT1 PE=1 SV=2	q8wyj6
q93079	H2B_109	HUMAN Septin-1 OS=Homo sapiens GN=SEPT1 PE=1 SV=2	q8wyj6
q93079	H2B_109	HUMAN Pre-mRNA-processing-splicing factor 8 OS=Homo sapiens GN=PRPF8 PE=1 SV=2	q6p2q9
q93079	H2B_109	HUMAN AF4/FMR2 family member 4 OS=Homo sapiens GN=AFF4 PE=1 SV=1	q9uhb7
q93079	H2B_117	HUMAN SLIT and NTRK-like protein 3 OS=Homo sapiens GN=SLITRK3 PE=2 SV=2	o94933
q93079	H2B_109	HUMAN SLIT and NTRK-like protein 3 OS=Homo sapiens GN=SLITRK3 PE=2 SV=2	o94933
q93079	H2B_117	HUMAN Titin OS=Homo sapiens GN=TTN PE=1 SV=4	q8wz42
q93079	H2B_109	HUMAN Titin OS=Homo sapiens GN=TTN PE=1 SV=4	q8wz42
q93079	H2B_109	HUMAN DNA topoisomerase 2-alpha OS=Homo sapiens GN=TOP2A PE=1 SV=3	p11388
q93079	H2B_109	HUMAN R3H domain-containing protein 4 OS=Homo sapiens GN=R3HDM4 PE=1 SV=3	q96d70
q93079	H2B_109	HUMAN Supervillin OS=Homo sapiens GN=SVIL PE=1 SV=2	o95425
q93079	H2B_117	HUMAN Rho GTPase-activating protein 4 OS=Homo sapiens GN=ARHGAP4 PE=1 SV=2	p98171
q93079	H2B_109	HUMAN Ubiquitin carboxyl-terminal hydrolase 45 OS=Homo sapiens GN=USP45 PE=1 SV=3	q70el2
q93079	H2B_12	HUMAN Non-histone chromosomal protein HMG-17 OS=Homo sapiens GN=HMGN2 PE=1 SV=3	p05204
q93079	H2B_12	HUMAN Junctophilin-2 OS=Homo sapiens GN=JPH2 PE=1 SV=2	q9br39
q93079	H2B_12	HUMAN High mobility group protein HMG-I/HMG-Y OS=Homo sapiens GN=HMGA1 PE=1 SV=3	p17096
q93079	H2B_12	HUMAN Non-histone chromosomal protein HMG-17 OS=Homo sapiens GN=HMGN2 PE=1 SV=3	p05204
q93079	H2B_117	HUMAN Microspherule protein 1 OS=Homo sapiens GN=MCRS1 PE=1 SV=1	q96ez8
q93079	H2B_35	HUMAN Zinc finger protein interacting with ribonucleoprotein K OS=Homo sapiens GN=ZIK1 PE=2 SV=1	q3sy52
q93079	H2B_109	HUMAN High mobility group protein HMG-I/HMG-Y OS=Homo sapiens GN=HMGA1 PE=1 SV=3	p17096
q93079	H2B_109	HUMAN High mobility group protein HMG-I/HMG-Y OS=Homo sapiens GN=HMGA1 PE=1 SV=3	p17096
q93079	H2B_117	HUMAN Poly [ADP-ribose] polymerase 1 OS=Homo sapiens GN=PARP1 PE=1 SV=4	p09874
q93079	H2B_121	HUMAN PWWP domain-containing protein 2A OS=Homo sapiens GN=PWWP2A PE=1 SV=2	q96n64
q93079	H2B_109	HUMAN GTP-binding nuclear protein Ran OS=Homo sapiens GN=RAN PE=1 SV=3	p62826
q93079	H2B_117	HUMAN High mobility group protein HMG-I/HMG-Y OS=Homo sapiens GN=HMGA1 PE=1 SV=3	p17096
q93079	H2B_109	HUMAN High mobility group protein HMG-I/HMG-Y OS=Homo sapiens GN=HMGA1 PE=1 SV=3	p17096
q93079	H2B_109	HUMAN Glycine receptor subunit alpha-4 OS=Homo sapiens GN=GLRA4 PE=2 SV=3	q5jxx5
q93079	H2B_117	HUMAN Non-histone chromosomal protein HMG-17 OS=Homo sapiens GN=HMGN2 PE=1 SV=3	p05204
q93079	H2B_109	HUMAN Non-histone chromosomal protein HMG-17 OS=Homo sapiens GN=HMGN2 PE=1 SV=3	p05204
q93079	H2B_47	HUMAN Non-histone chromosomal protein HMG-17 OS=Homo sapiens GN=HMGN2 PE=1 SV=3	p05204
q93079	H2B_109	HUMAN NEDD8 OS=Homo sapiens GN=NEDD8 PE=1 SV=1	q15843
q99880	H2B_5	HUMAN Transmembrane protein 196 OS=Homo sapiens GN=TMEM196 PE=2 SV=2	q5hyl7
q99880	H2B_5	HUMAN DNA polymerase lambda OS=Homo sapiens GN=POLL PE=1 SV=1	q9ugp5
q99880	H2B_5	HUMAN Junctophilin-2 OS=Homo sapiens GN=JPH2 PE=1 SV=2	q9br39
q99880	H2B_5	HUMAN Zinc finger protein 469 OS=Homo sapiens GN=ZNF469 PE=2 SV=3	q96jg9
q99880	H2B_5	HUMAN Nuclear pore complex protein Nup50 OS=Homo sapiens GN=NUP50 PE=1 SV=2	q9ukx7
q99879	H2B_5	HUMAN Programmed cell death protein 4 OS=Homo sapiens GN=PDCD4 PE=1 SV=2	q53el6
q99879	H2B_5	HUMAN Transcriptional repressor protein YY1 OS=Homo sapiens GN=YY1 PE=1 SV=2	p25490
q99879	H2B_5	HUMAN Coiled-coil and C2 domain-containing protein 1B OS=Homo sapiens GN=CC2D1B PE=1 SV=1	q5t0f9
q99877	H2B_5	HUMAN Transmembrane protein 196 OS=Homo sapiens GN=TMEM196 PE=2 SV=2	q5hyl7
q99877	H2B_5	HUMAN Junctophilin-2 OS=Homo sapiens GN=JPH2 PE=1 SV=2	q9br39
q16778	H2B_5	HUMAN Non-histone chromosomal protein HMG-17 OS=Homo sapiens GN=HMGN2 PE=1 SV=3	p05204
q16778	H2B_5	HUMAN Immunoglobulin superfamily member 3 OS=Homo sapiens GN=IGSF3 PE=2 SV=3	o75054
q16778	H2B_5	HUMAN Probable 28S rRNA (cytosine(4447)-C(5))-methyltransferase OS=Homo sapiens GN=NOP2 PE=1 SV=2	p46087
q16778	H2B_5	HUMAN Transcription termination factor 1 OS=Homo sapiens GN=TTF1 PE=1 SV=3	q15361
q16778	H2B_5	HUMAN Transmembrane protein 196 OS=Homo sapiens GN=TMEM196 PE=2 SV=2	q5hyl7
q16778	H2B_5	HUMAN Formin-binding protein 4 OS=Homo sapiens GN=FNBP4 PE=1 SV=3	q8n3x1
q16778	H2B_5	HUMAN BAH and coiled-coil domain-containing protein 1 OS=Homo sapiens GN=BAHCC1 PE=1 SV=3	q9p281
q16778	H2B_5	HUMAN Uncharacterized protein KIAA1107 OS=Homo sapiens GN=KIAA1107 PE=1 SV=2	q9upp5
q16778	H2B_5	HUMAN Titin OS=Homo sapiens GN=TTN PE=1 SV=4	q8wz42
q16778	H2B_5	HUMAN SAGA-associated factor 29 OS=Homo sapiens GN=SGF29 PE=1 SV=1	q96es7
q16778	H2B_5	HUMAN Putative heat shock 70 kDa protein 7 OS=Homo sapiens GN=HSPA7 PE=5 SV=2	p48741
q16778	H2B_5	HUMAN E3 UFM1-protein ligase 1 OS=Homo sapiens GN=UFL1 PE=1 SV=2	o94874
q16778	H2B_5	HUMAN DNA polymerase lambda OS=Homo sapiens GN=POLL PE=1 SV=1	q9ugp5
q16778	H2B_5	HUMAN AT-rich interactive domain-containing protein 5A OS=Homo sapiens GN=ARID5A PE=1 SV=2	q03989
q16778	H2B_5	HUMAN Non-histone chromosomal protein HMG-17 OS=Homo sapiens GN=HMGN2 PE=1 SV=3	p05204
q16778	H2B_5	HUMAN Junctophilin-2 OS=Homo sapiens GN=JPH2 PE=1 SV=2	q9br39
q16778	H2B_5	HUMAN Calsequestrin-2 OS=Homo sapiens GN=CASQ2 PE=1 SV=2	o14958
q16778	H2B_5	HUMAN PWWP domain-containing protein 2A OS=Homo sapiens GN=PWWP2A PE=1 SV=2	q96n64
q16778	H2B_5	HUMAN PWWP domain-containing protein 2A OS=Homo sapiens GN=PWWP2A PE=1 SV=2	q96n64
q16778	H2B_5	HUMAN RE1-silencing transcription factor OS=Homo sapiens GN=REST PE=1 SV=3	q13127
q16778	H2B_5	HUMAN RE1-silencing transcription factor OS=Homo sapiens GN=REST PE=1 SV=3	q13127
q16778	H2B_5	HUMAN H(+)/Cl(-) exchange transporter 3 OS=Homo sapiens GN=CLCN3 PE=1 SV=2	p51790
q16778	H2B_5	HUMAN GTP-binding protein 10 OS=Homo sapiens GN=GTPBP10 PE=1 SV=1	a4d1e9
q16778	H2B_5	HUMAN Iodotyrosine deiodinase 1 OS=Homo sapiens GN=IYD PE=1 SV=2	q6phw0
q16778	H2B_5	HUMAN Programmed cell death protein 4 OS=Homo sapiens GN=PDCD4 PE=1 SV=2	q53el6
q16778	H2B_5	HUMAN Coiled-coil and C2 domain-containing protein 1B OS=Homo sapiens GN=CC2D1B PE=1 SV=1	q5t0f9
q16778	H2B_5	HUMAN Basic helix-loop-helix domain-containing protein USF3 OS=Homo sapiens GN=USF3 PE=1 SV=3	q68de3
q16778	H2B_5	HUMAN LRP2-binding protein OS=Homo sapiens GN=LRP2BP PE=1 SV=2	q9p2m1
q16778	H2B_5	HUMAN Nuclear pore complex protein Nup50 OS=Homo sapiens GN=NUP50 PE=1 SV=2	q9ukx7
q16778	H2B_5	HUMAN Tumor protein D55 OS=Homo sapiens GN=TPD52L3 PE=1 SV=2	q96j77
q16778	H2B_5	HUMAN Spondin-2 OS=Homo sapiens GN=SPON2 PE=1 SV=3	q9bud6
q16778	H2B_5	HUMAN Supervillin OS=Homo sapiens GN=SVIL PE=1 SV=2	o95425
q16778	H2B_5	HUMAN Shugoshin-like 2 OS=Homo sapiens GN=SGOL2 PE=1 SV=2	q562f6
q16778	H2B_5	HUMAN Protein bicaudal D homolog 2 OS=Homo sapiens GN=BICD2 PE=1 SV=1	q8td16
q16778	H2B_5	HUMAN Major vault protein OS=Homo sapiens GN=MVP PE=1 SV=4	q14764
q16778	H2B_5	HUMAN Prelamin-A/C OS=Homo sapiens GN=LMNA PE=1 SV=1	p02545
q16778	H2B_5	HUMAN High mobility group protein HMG-I/HMG-Y OS=Homo sapiens GN=HMGA1 PE=1 SV=3	p17096
q16778	H2B_5	HUMAN Non-histone chromosomal protein HMG-17 OS=Homo sapiens GN=HMGN2 PE=1 SV=3	p05204
q16778	H2B_5	HUMAN Prelamin-A/C OS=Homo sapiens GN=LMNA PE=1 SV=1	p02545
q16778	H2B_5	HUMAN Dr1-associated corepressor OS=Homo sapiens GN=DRAP1 PE=1 SV=3	q14919
q16778	H2B_5	HUMAN High mobility group protein HMG-I/HMG-Y OS=Homo sapiens GN=HMGA1 PE=1 SV=3	p17096
q16778	H2B_5	HUMAN Septin-1 OS=Homo sapiens GN=SEPT1 PE=1 SV=2	q8wyj6
q16778	H2B_5	HUMAN Pre-mRNA-processing-splicing factor 8 OS=Homo sapiens GN=PRPF8 PE=1 SV=2	q6p2q9
q16778	H2B_5	HUMAN Teneurin-1 OS=Homo sapiens GN=TENM1 PE=1 SV=2	q9ukz4
q16778	H2B_5	HUMAN Cilia- and flagella-associated protein 46 OS=Homo sapiens GN=CFAP46 PE=2 SV=3	q8iyw2
q16778	H2B_5	HUMAN Zinc finger CCHC domain-containing protein 10 OS=Homo sapiens GN=ZCCHC10 PE=1 SV=1	q8tbk6
q16778	H2B_5	HUMAN Maternal embryonic leucine zipper kinase OS=Homo sapiens GN=MELK PE=1 SV=3	q14680
p57053	H2B_121	HUMAN Non-histone chromosomal protein HMG-17 OS=Homo sapiens GN=HMGN2 PE=1 SV=3	p05204
p57053	H2B_121	HUMAN 60S ribosomal protein L23a OS=Homo sapiens GN=RPL23A PE=1 SV=1	p62750
p57053	H2B_121	HUMAN Fas apoptotic inhibitory molecule 1 OS=Homo sapiens GN=FAIM PE=1 SV=1	q9nvq4
p57053	H2B_121	HUMAN Non-histone chromosomal protein HMG-17 OS=Homo sapiens GN=HMGN2 PE=1 SV=3	p05204
p57053	H2B_121	HUMAN Ubiquitin-60S ribosomal protein L40 OS=Homo sapiens GN=UBA52 PE=1 SV=2	p62987
p57053	H2B_121	HUMAN High mobility group nucleosome-binding domain-containing protein 3 OS=Homo sapiens GN=HMGN3 PE=1 SV=2	q15651
p57053	H2B_121	HUMAN High mobility group protein HMG-I/HMG-Y OS=Homo sapiens GN=HMGA1 PE=1 SV=3	p17096
p57053	H2B_121	HUMAN High mobility group protein HMG-I/HMG-Y OS=Homo sapiens GN=HMGA1 PE=1 SV=3	p17096
p57053	H2B_121	HUMAN Non-histone chromosomal protein HMG-17 OS=Homo sapiens GN=HMGN2 PE=1 SV=3	p05204
p57053	H2B_121	HUMAN Non-histone chromosomal protein HMG-14 OS=Homo sapiens GN=HMGN1 PE=1 SV=3	p05114
p57053	H2B_121	HUMAN High mobility group nucleosome-binding domain-containing protein 3 OS=Homo sapiens GN=HMGN3 PE=1 SV=2	q15651
p57053	H2B_121	HUMAN High mobility group protein HMG-I/HMG-Y OS=Homo sapiens GN=HMGA1 PE=1 SV=3	p17096
p57053	H2B_121	HUMAN Non-histone chromosomal protein HMG-14 OS=Homo sapiens GN=HMGN1 PE=1 SV=3	p05114
p57053	H2B_121	HUMAN Brain-derived neurotrophic factor OS=Homo sapiens GN=BDNF PE=1 SV=1	p23560
p57053	H2B_121	HUMAN Extended synaptotagmin-3 OS=Homo sapiens GN=ESYT3 PE=1 SV=1	a0fgr9
p57053	H2B_121	HUMAN Cadherin-19 OS=Homo sapiens GN=CDH19 PE=2 SV=1	q9h159
p57053	H2B_121	HUMAN Iodotyrosine deiodinase 1 OS=Homo sapiens GN=IYD PE=1 SV=2	q6phw0
p57053	H2B_121	HUMAN Programmed cell death protein 4 OS=Homo sapiens GN=PDCD4 PE=1 SV=2	q53el6
p57053	H2B_121	HUMAN Cytosolic phospholipase A2 zeta OS=Homo sapiens GN=PLA2G4F PE=2 SV=3	q68dd2
p57053	H2B_121	HUMAN Cytochrome c oxidase subunit 4 isoform 2	q96kj9
p57053	H2B_121	HUMAN Run domain Beclin-1-interacting and cysteine-rich domain-containing protein OS=Homo sapiens GN=RUBCN PE=1 SV=4	q92622
p57053	H2B_121	HUMAN Spondin-2 OS=Homo sapiens GN=SPON2 PE=1 SV=3	q9bud6
p57053	H2B_121	HUMAN Regulator of G-protein signaling 2 OS=Homo sapiens GN=RGS2 PE=1 SV=1	p41220
p57053	H2B_121	HUMAN Major vault protein OS=Homo sapiens GN=MVP PE=1 SV=4	q14764
p57053	H2B_121	HUMAN Pre-mRNA-processing-splicing factor 8 OS=Homo sapiens GN=PRPF8 PE=1 SV=2	q6p2q9
p57053	H2B_121	HUMAN Titin OS=Homo sapiens GN=TTN PE=1 SV=4	q8wz42
p57053	H2B_121	HUMAN Syntaxin-16 OS=Homo sapiens GN=STX16 PE=1 SV=3	o14662
p57053	H2B_121	HUMAN Mesoderm induction early response protein 1 OS=Homo sapiens GN=MIER1 PE=1 SV=2	q8n108
p57053	H2B_121	HUMAN HIRA-interacting protein 3 OS=Homo sapiens GN=HIRIP3 PE=1 SV=3	q9bw71
p57053	H2B_121	HUMAN Adhesion G protein-coupled receptor F5 OS=Homo sapiens GN=ADGRF5 PE=1 SV=3	q8izf2
p57053	H2B_121	HUMAN PWWP domain-containing protein 2A OS=Homo sapiens GN=PWWP2A PE=1 SV=2	q96n64
q16695	H3_15	HUMAN PHD finger protein 3 OS=Homo sapiens GN=PHF3 PE=1 SV=3	q92576
q16695	H3_28	HUMAN Probable 28S rRNA (cytosine(4447)-C(5))-methyltransferase OS=Homo sapiens GN=NOP2 PE=1 SV=2	p46087
q16695	H3_80	HUMAN Protein PRRC2C OS=Homo sapiens GN=PRRC2C PE=1 SV=4	q9y520
q16695	H3_80	HUMAN Spectrin alpha chain	p02549
q16695	H3_80	HUMAN Dynein heavy chain 10	q8ivf4
q16695	H3_80	HUMAN Putative heat shock 70 kDa protein 7 OS=Homo sapiens GN=HSPA7 PE=5 SV=2	p48741
q16695	H3_80	HUMAN Plectin OS=Homo sapiens GN=PLEC PE=1 SV=3	q15149
q16695	H3_80	HUMAN Transcriptional repressor protein YY1 OS=Homo sapiens GN=YY1 PE=1 SV=2	p25490
q16695	H3_28	HUMAN Serine/threonine-protein phosphatase 4 regulatory subunit 3A OS=Homo sapiens GN=PPP4R3A PE=1 SV=1	q6in85
q16695	H3_80	HUMAN Basic helix-loop-helix domain-containing protein USF3 OS=Homo sapiens GN=USF3 PE=1 SV=3	q68de3
q16695	H3_28	HUMAN Tumor protein D55 OS=Homo sapiens GN=TPD52L3 PE=1 SV=2	q96j77
q16695	H3_19	HUMAN Non-histone chromosomal protein HMG-17 OS=Homo sapiens GN=HMGN2 PE=1 SV=3	p05204
q16695	H3_19	HUMAN Junctophilin-2 OS=Homo sapiens GN=JPH2 PE=1 SV=2	q9br39
q16695	H3_19	HUMAN Ubiquitin-60S ribosomal protein L40 OS=Homo sapiens GN=UBA52 PE=1 SV=2	p62987
q16695	H3_19	HUMAN Protein bicaudal D homolog 2 OS=Homo sapiens GN=BICD2 PE=1 SV=1	q8td16
q16695	H3_19	HUMAN High mobility group protein HMG-I/HMG-Y OS=Homo sapiens GN=HMGA1 PE=1 SV=3	p17096
q16695	H3_19	HUMAN High mobility group protein HMG-I/HMG-Y OS=Homo sapiens GN=HMGA1 PE=1 SV=3	p17096
q16695	H3_19	HUMAN Non-histone chromosomal protein HMG-17 OS=Homo sapiens GN=HMGN2 PE=1 SV=3	p05204
q16695	H3_19	HUMAN Ubiquitin-60S ribosomal protein L40 OS=Homo sapiens GN=UBA52 PE=1 SV=2	p62987
q16695	H3_15	HUMAN Cytosolic phospholipase A2 zeta OS=Homo sapiens GN=PLA2G4F PE=2 SV=3	q68dd2
q16695	H3_80	HUMAN von Willebrand factor OS=Homo sapiens GN=VWF PE=1 SV=4	p04275
q16695	H3_28	HUMAN High mobility group protein HMG-I/HMG-Y OS=Homo sapiens GN=HMGA1 PE=1 SV=3	p17096
q16695	H3_28	HUMAN Non-histone chromosomal protein HMG-17 OS=Homo sapiens GN=HMGN2 PE=1 SV=3	p05204
q16695	H3_28	HUMAN Lamin-B receptor OS=Homo sapiens GN=LBR PE=1 SV=2	q14739
q16695	H3_28	HUMAN Apoptotic protease-activating factor 1 OS=Homo sapiens GN=APAF1 PE=1 SV=2	o14727
q16695	H3_10	HUMAN Non-histone chromosomal protein HMG-17 OS=Homo sapiens GN=HMGN2 PE=1 SV=3	p05204
q16695	H3_80	HUMAN Nuclear pore complex protein Nup98-Nup96 OS=Homo sapiens GN=NUP98 PE=1 SV=4	p52948
q16695	H3_15	HUMAN Nuclear pore complex protein Nup50 OS=Homo sapiens GN=NUP50 PE=1 SV=2	q9ukx7
q16695	H3_57	HUMAN Engulfment and cell motility protein 3 OS=Homo sapiens GN=ELMO3 PE=1 SV=3	q96bj8
q16695	H3_4	HUMAN Protein bicaudal D homolog 2 OS=Homo sapiens GN=BICD2 PE=1 SV=1	q8td16
q16695	H3_15	HUMAN Protein bicaudal D homolog 2 OS=Homo sapiens GN=BICD2 PE=1 SV=1	q8td16
q16695	H3_57	HUMAN OTU domain-containing protein 6B OS=Homo sapiens GN=OTUD6B PE=1 SV=1	q8n6m0
q16695	H3_123	HUMAN ATP-binding cassette sub-family F member 1 OS=Homo sapiens GN=ABCF1 PE=1 SV=2	q8ne71
q16695	H3_80	HUMAN Dystrophin OS=Homo sapiens GN=DMD PE=1 SV=3	p11532
q16695	H3_80	HUMAN DNA topoisomerase 2-alpha OS=Homo sapiens GN=TOP2A PE=1 SV=3	p11388
q16695	H3_80	HUMAN Anoctamin-4 OS=Homo sapiens GN=ANO4 PE=2 SV=1	q32m45
q16695	H3_28	HUMAN Vacuolar protein sorting-associated protein 13B OS=Homo sapiens GN=VPS13B PE=1 SV=2	q7z7g8
q16695	H3_5	HUMAN Non-histone chromosomal protein HMG-17 OS=Homo sapiens GN=HMGN2 PE=1 SV=3	p05204
q16695	H3_5	HUMAN Junctophilin-2 OS=Homo sapiens GN=JPH2 PE=1 SV=2	q9br39
q16695	H3_5	HUMAN High mobility group protein HMG-I/HMG-Y OS=Homo sapiens GN=HMGA1 PE=1 SV=3	p17096
q16695	H3_5	HUMAN Ubiquitin-60S ribosomal protein L40 OS=Homo sapiens GN=UBA52 PE=1 SV=2	p62987
q16695	H3_5	HUMAN Protein bicaudal D homolog 2 OS=Homo sapiens GN=BICD2 PE=1 SV=1	q8td16
q16695	H3_5	HUMAN High mobility group protein HMG-I/HMG-Y OS=Homo sapiens GN=HMGA1 PE=1 SV=3	p17096
q16695	H3_5	HUMAN Non-histone chromosomal protein HMG-17 OS=Homo sapiens GN=HMGN2 PE=1 SV=3	p05204
q16695	H3_5	HUMAN Chromobox protein homolog 5 OS=Homo sapiens GN=CBX5 PE=1 SV=1	p45973
q16695	H3_80	HUMAN GTP-binding nuclear protein Ran OS=Homo sapiens GN=RAN PE=1 SV=3	p62826
q16695	H3_57	HUMAN Double-strand break repair protein MRE11A OS=Homo sapiens GN=MRE11A PE=1 SV=3	p49959
q71di3	H3_24	HUMAN Probable 28S rRNA (cytosine(4447)-C(5))-methyltransferase OS=Homo sapiens GN=NOP2 PE=1 SV=2	p46087
q71di3	H3_24	HUMAN Putative trace amine-associated receptor 3 OS=Homo sapiens GN=TAAR3 PE=2 SV=1	q9p1p4
q71di3	H3_24	HUMAN Protein bicaudal D homolog 2 OS=Homo sapiens GN=BICD2 PE=1 SV=1	q8td16
q71di3	H3_24	HUMAN High mobility group protein HMG-I/HMG-Y OS=Homo sapiens GN=HMGA1 PE=1 SV=3	p17096
q71di3	H3_24	HUMAN Non-histone chromosomal protein HMG-17 OS=Homo sapiens GN=HMGN2 PE=1 SV=3	p05204
q71di3	H3_24	HUMAN SLIT and NTRK-like protein 3 OS=Homo sapiens GN=SLITRK3 PE=2 SV=2	o94933
p84243	H3_28	HUMAN DNA polymerase zeta catalytic subunit OS=Homo sapiens GN=REV3L PE=1 SV=2	o60673
p62805	H4_21	HUMAN Immunoglobulin superfamily member 3 OS=Homo sapiens GN=IGSF3 PE=2 SV=3	o75054
p62805	H4_78	HUMAN Chromobox protein homolog 5 OS=Homo sapiens GN=CBX5 PE=1 SV=1	p45973
p62805	H4_21	HUMAN Putative heat shock 70 kDa protein 7 OS=Homo sapiens GN=HSPA7 PE=5 SV=2	p48741
p62805	H4_17	HUMAN GTP-binding nuclear protein Ran OS=Homo sapiens GN=RAN PE=1 SV=3	p62826
p62805	H4_17	HUMAN Non-histone chromosomal protein HMG-17 OS=Homo sapiens GN=HMGN2 PE=1 SV=3	p05204
p62805	H4_17	HUMAN Ubiquitin-60S ribosomal protein L40 OS=Homo sapiens GN=UBA52 PE=1 SV=2	p62987
p62805	H4_17	HUMAN High mobility group protein HMG-I/HMG-Y OS=Homo sapiens GN=HMGA1 PE=1 SV=3	p17096
p62805	H4_9	HUMAN Junctophilin-2 OS=Homo sapiens GN=JPH2 PE=1 SV=2	q9br39
p62805	H4_9	HUMAN High mobility group protein HMG-I/HMG-Y OS=Homo sapiens GN=HMGA1 PE=1 SV=3	p17096
p62805	H4_9	HUMAN Ubiquitin-60S ribosomal protein L40 OS=Homo sapiens GN=UBA52 PE=1 SV=2	p62987
p62805	H4_9	HUMAN Non-histone chromosomal protein HMG-17 OS=Homo sapiens GN=HMGN2 PE=1 SV=3	p05204
p62805	H4_9	HUMAN Ubiquitin-60S ribosomal protein L40 OS=Homo sapiens GN=UBA52 PE=1 SV=2	p62987
p62805	H4_13	HUMAN Non-histone chromosomal protein HMG-17 OS=Homo sapiens GN=HMGN2 PE=1 SV=3	p05204
p62805	H4_13	HUMAN Collagen alpha-1(XXIII) chain OS=Homo sapiens GN=COL23A1 PE=1 SV=1	q86y22
p62805	H4_78	HUMAN Transcriptional repressor protein YY1 OS=Homo sapiens GN=YY1 PE=1 SV=2	p25490
p62805	H4_32	HUMAN Transcriptional repressor protein YY1 OS=Homo sapiens GN=YY1 PE=1 SV=2	p25490
p62805	H4_21	HUMAN Transcriptional repressor protein YY1 OS=Homo sapiens GN=YY1 PE=1 SV=2	p25490
p62805	H4_78	HUMAN Basic helix-loop-helix domain-containing protein USF3 OS=Homo sapiens GN=USF3 PE=1 SV=3	q68de3
p62805	H4_32	HUMAN Basic helix-loop-helix domain-containing protein USF3 OS=Homo sapiens GN=USF3 PE=1 SV=3	q68de3
p62805	H4_21	HUMAN Basic helix-loop-helix domain-containing protein USF3 OS=Homo sapiens GN=USF3 PE=1 SV=3	q68de3
p62805	H4_32	HUMAN von Willebrand factor OS=Homo sapiens GN=VWF PE=1 SV=4	p04275
p62805	H4_32	HUMAN Supervillin OS=Homo sapiens GN=SVIL PE=1 SV=2	o95425
p62805	H4_21	HUMAN Supervillin OS=Homo sapiens GN=SVIL PE=1 SV=2	o95425
